Workbook

Sheet Capsule
B1: Basic stock (tồn đầu) | E1: Capsule injection (sản lượng vỏ trứng) | H1: delivery for cotec (xuất cotec) | K1: Niigata capsule packing (Plan) (sản lượng đóng capsule) | N1: Niigata capsule packing (Actua) (sản lượng đóng capsule) | Q1: stock (tồn kho)
A2: 2025 | B2: Yellow | C2: Transparent | D2: Senft | E2: Yellow | F2: Transparent | G2: Senft | H2: Yellow | I2: Transparent | J2: Senft | K2: Yellow | L2: Transparent | M2: Senft | N2: Yellow | O2: Transparent | P2: Senft | Q2: Yellow | R2: Transparent | S2: Senft
A3: Total | E3: =SUM(E4:E69) -> 96133306 | F3: =SUM(F4:F69) -> 1517728 | G3: =SUM(G4:G69) -> 47151193 | H3: =SUM(H4:H69) -> 27900000 | I3: =SUM(I4:I69) -> 0 | J3: =SUM(J4:J69) -> 0 | K3: =SUM(K4:K69) -> 45895200 | L3: =SUM(L4:L69) -> 2870400 | ... P3: =SUM(P4:P69) -> 65294807
A4: 2024/47 | K4: 0 | L4: 0 | M4: 0
A5: 2024/48 | K5: 0 | L5: 0 | M5: 0
A6: 2024/49 | K6: 0 | L6: 0 | M6: 0 | T6: 13
A7: 2024/50 | H7: 9000000 | K7: 0 | L7: 0 | M7: 0
A8: 2024/51 | K8: 0 | L8: 0 | M8: 0 | Q8: =+Q7+E8-H8-N8 -> 0 | R8: =+R7+F8-I8-O8 -> 0 | S8: =+S7+G8-J8-P8 -> 0
A9: 2024/52 | B9: 12408811 | C9: 37400 | D9: 2124306 | K9: 0 | L9: 0 | M9: 936000 | N9: 0 | O9: 0 | Q9: =+B9+E9-H9-N9 -> 12408811 | R9: =+C9+F9-I9-O9 -> 37400 | S9: =+D9+G9-J9-P9 -> 2124306
A10: 2025/01 | E10: 1300462.8 | G10: 262393.34 | H10: 900000 | K10: 0 | L10: 0 | M10: 0 | N10: 412142 | O10: 0 | P10: 458737 | Q10: =+Q9+E10-H10-N10 -> 12397132 | R10: =+R9+F10-I10-O10 -> 37400 | S10: =+S9+G10-J10-P10 -> 1927962.3
A11: 2025/02 | E11: 2115414.5 | G11: 1030690 | K11: 0 | L11: 0 | M11: 1404000 | N11: 1092031 | O11: 0 | P11: 985884 | Q11: =+Q10+E11-H11-N11 -> 13420515 | R11: =+R10+F11-I11-O11 -> 37400 | S11: =+S10+G11-J11-P11 -> 1972768.4
A12: 2025/03 | E12: 1675465.7 | G12: 1559435.1 | K12: 0 | L12: 0 | M12: 936000 | N12: 711539 | O12: 0 | P12: 895588 | Q12: =+Q11+E12-H12-N12 -> 14384442 | R12: =+R11+F12-I12-O12 -> 37400 | S12: =+S11+G12-J12-P12 -> 2636615.5
A13: 2025/04 | E13: 63077.824 | G13: 1031118.3 | H13: 900000 | K13: 0 | L13: 0 | M13: 1404000 | N13: 188627 | O13: 0 | P13: 964536 | Q13: =+Q12+E13-H13-N13 -> 13358893 | R13: =+R12+F13-I13-O13 -> 37400 | S13: =+S12+G13-J13-P13 -> 2703197.8
A14: 2025/05 | E14: 1184442 | K14: 842400 | L14: 0 | M14: 842400 | N14: 0 | O14: 0 | P14: 0 | Q14: =+Q13+E14-H14-N14 -> 14543335 | R14: =+R13+F14-I14-O14 -> 37400 | S14: =+S13+G14-J14-P14 -> 2703197.8
A15: 2025/06 | E15: 1184442 | G15: 508721.05 | K15: 0 | L15: 0 | M15: 0 | N15: 516237 | O15: 0 | P15: 1493352 | Q15: =+Q14+E15-H15-N15 -> 15211540 | R15: =+R14+F15-I15-O15 -> 37400 | S15: =+S14+G15-J15-P15 -> 1718566.8
A16: 2025/07 | E16: 296715.2 | G16: 1398278.5 | H16: 1800000 | K16: 0 | L16: 0 | M16: 936000 | N16: 468000 | O16: 0 | P16: 936000 | Q16: =+Q15+E16-H16-N16 -> 13240255 | R16: =+R15+F16-I16-O16 -> 37400 | S16: =+S15+G16-J16-P16 -> 2180845.3
A17: 2025/08 | E17: 1858065.2 | G17: 1405642.9 | H17: 900000 | K17: 530400 | L17: 0 | M17: 1809600 | N17: 156000 | O17: 0 | P17: 1716000 | Q17: =+Q16+E17-H17-N17 -> 14042320 | R17: =+R16+F17-I17-O17 -> 37400 | S17: =+S16+G17-J17-P17 -> 1870488.2
A18: 2025/09 | E18: 824014.11 | G18: 1645947 | K18: 0 | L18: 0 | M18: 0 | N18: 374400 | O18: 0 | P18: 2340000 | Q18: =+Q17+E18-H18-N18 -> 14491934 | R18: =+R17+F18-I18-O18 -> 37400 | S18: =+S17+G18-J18-P18 -> 1176435.2
A19: 2025/10 | B19: =10971000 -> 10971000 | C19: 37400 | G19: 1643200 | K19: 1029600 | L19: 0 | M19: 4118400 | N19: 1724596 | O19: 0 | P19: 1075626 | Q19: =+Q18+E19-H19-N19 -> 12767338 | R19: =+R18+F19-I19-O19 -> 37400 | S19: =+S18+G19-J19-P19 -> 1744009.2
A20: 2025/11 | D20: 3100000 | E20: 76000 | G20: 1560816 | K20: 624000 | L20: 0 | M20: 2620800 | N20: 2760111 | O20: 0 | P20: 1026122 | Q20: =+Q19+E20-H20-N20 -> 10083227 | R20: =+R19+F20-I20-O20 -> 37400 | S20: =+S19+G20-J20-P20 -> 2278703.2
A21: 2025/12 | G21: =3128480+3128480*0.0006 -> 3130357.1 | H21: 900000 | K21: =+SUM!R34*1000 -> 1684800 | L21: =+SUM!T34*1000 -> 0 | M21: =+SUM!S34*1000 -> 1404000 | N21: 1402115 | O21: =+L21 -> 0 | P21: 1995001 | Q21: =+Q20+E21-H21-N21+3015888 -> 10797000 | R21: =+R20+F21-I21-O21 -> 37400 | S21: =+S20+G21-J21-P21 -> 3414059.2
A22: 2025/13 | G22: 3748920 | K22: =+SUM!R35*1000 -> 1138800 | L22: =+SUM!T35*1000 -> 0 | M22: =+SUM!S35*1000 -> 1045200 | N22: 1476254 | O22: =+L22 -> 0 | P22: 2212812 | Q22: =+Q21+E22-H22-N22 -> 9320746.3 | R22: =+R21+F22-I22-O22 -> 37400 | S22: =+S21+G22-J22-P22 -> 4950167.2
A23: 2025/14 | F23: 902704 | G23: 1792416 | H23: 900000 | K23: =+SUM!R36*1000 -> 1045200 | L23: =+SUM!T36*1000 -> 0 | M23: =+SUM!S36*1000 -> 1279200 | N23: 723821 | O23: =+L23 -> 0 | P23: 1454815 | Q23: =+Q22+E23-H23-N23+900000 -> 8596925.3 | R23: =+R22+F23-I23-O23 -> 940104 | S23: =+S22+G23-J23-P23 -> 5287768.2
A24: 2025/15 | F24: 15024 | G24: 3246058 | K24: =+SUM!R37*1000 -> 982800 | L24: =+SUM!T37*1000 -> 0 | M24: =+SUM!S37*1000 -> 1700400 | N24: 1259070 | O24: =+L24 -> 0 | P24: 1267339 | Q24: =+Q23+E24-H24-N24+300000 -> 7637855.3 | R24: =+R23+F24-I24-O24 -> 955128 | S24: =+S23+G24-J24-P24 -> 7266487.2
A25: 2025/16 | E25: 40800 | G25: 3206400 | H25: 900000 | K25: =+SUM!R38*1000 -> 358800 | L25: =+SUM!T38*1000 -> 0 | M25: =+SUM!S38*1000 -> 1513200 | N25: 1982501 | O25: =+L25 -> 0 | P25: 2082355 | Q25: =+Q24+E25-H25-N25+2800000 -> 7596154.3 | R25: =+R24+F25-I25-O25 -> 955128 | S25: =+S24+G25-J25-P25 -> 8390532.2
A26: 2025/17 | E26: 1494416 | G26: 1369280 | K26: =+SUM!R39*1000 -> 951600 | L26: =+SUM!T39*1000 -> 0 | M26: =+SUM!S39*1000 -> 1201200 | N26: 876620 | O26: =+L26 -> 0 | P26: 2450828 | Q26: =+Q25+E26-H26-N26 -> 8213950.3 | R26: =+R25+F26-I26-O26 -> 955128 | S26: =+S25+G26-J26-P26 -> 7308984.2
A27: 2025/18 | E27: =481591+138400 -> 619991 | G27: =473600+137920 -> 611520 | K27: =+SUM!R40*1000 -> 873600 | L27: =+SUM!T40*1000 -> 0 | M27: =+SUM!S40*1000 -> 2402400 | N27: 501042 | O27: =+L27 -> 0 | P27: 865012 | Q27: =+Q26+E27-H27-N27-328702.3 -> 8004197 | R27: 559611 | S27: =+S26+G27-J27-P27+903544.8 -> 7959037
A28: 2025/19 | G28: 3000000 | K28: =+SUM!R41*1000 -> 2308800 | L28: =+SUM!T41*1000 -> 468000 | M28: =+SUM!S41*1000 -> 2308800 | N28: =+K28 -> 2308800 | O28: =+L28 -> 468000 | P28: =+M28 -> 2308800 | Q28: =+Q27+E28-H28-N28 -> 5695397 | R28: =+R27+F28-I28-O28 -> 91611 | S28: =+S27+G28-J28-P28 -> 8650237
A29: 2025/20 | F29: 600000 | G29: 2400000 | H29: 900000 | K29: =+SUM!R42*1000 -> 717600 | L29: =+SUM!T42*1000 -> 468000 | M29: =+SUM!S42*1000 -> 187200 | N29: =+K29 -> 717600 | O29: =+L29 -> 468000 | P29: =+M29 -> 187200 | Q29: =+Q28+E29-H29-N29 -> 4077797 | R29: =+R28+F29-I29-O29 -> 223611 | S29: =+S28+G29-J29-P29 -> 10863037
A30: 2025/21 | E30: 3000000 | K30: =+SUM!R43*1000 -> 1170000 | L30: =+SUM!T43*1000 -> 468000 | M30: =+SUM!S43*1000 -> 3135600 | N30: =+K30 -> 1170000 | O30: =+L30 -> 468000 | P30: =+M30 -> 3135600 | Q30: =+Q29+E30-H30-N30 -> 5907797 | R30: =+R29+F30-I30-O30 -> -244389 | S30: =+S29+G30-J30-P30 -> 7727437 | T30: =SUM(Q30:S30) -> 13390845
A31: 2025/22 | E31: 3000000 | H31: 900000 | K31: =+SUM!R44*1000 -> 655200 | L31: =+SUM!T44*1000 -> 0 | M31: =+SUM!S44*1000 -> 1497600 | N31: =+K31 -> 655200 | O31: =+L31 -> 0 | P31: =+M31 -> 1497600 | Q31: =+Q30+E31-H31-N31 -> 7352597 | R31: =+R30+F31-I31-O31 -> -244389 | S31: =+S30+G31-J31-P31 -> 6229837 | T31: =SUM(Q31:S31) -> 13338045
A32: 2025/23 | G32: 3000000 | K32: =+SUM!R45*1000 -> 982800 | L32: =+SUM!T45*1000 -> 0 | M32: =+SUM!S45*1000 -> 1076400 | N32: =+K32 -> 982800 | O32: =+L32 -> 0 | P32: =+M32 -> 1076400 | Q32: =+Q31+E32-H32-N32 -> 6369797 | R32: =+R31+F32-I32-O32 -> -244389 | S32: =+S31+G32-J32-P32 -> 8153437 | T32: =SUM(Q32:S32) -> 14278845
A33: 2025/24 | G33: 3000000 | H33: 900000 | K33: =+SUM!R46*1000 -> 702000 | L33: =+SUM!T46*1000 -> 0 | M33: =+SUM!S46*1000 -> 2932800 | N33: =+K33 -> 702000 | O33: =+L33 -> 0 | P33: =+M33 -> 2932800 | Q33: =+Q32+E33-H33-N33 -> 4767797 | R33: =+R32+F33-I33-O33 -> -244389 | S33: =+S32+G33-J33-P33 -> 8220637 | T33: =SUM(Q33:S33) -> 12744045
A34: 2025/25 | E34: 3000000 | H34: 900000 | K34: =+SUM!R47*1000 -> 421200 | L34: =+SUM!T47*1000 -> 0 | M34: =+SUM!S47*1000 -> 1435200 | N34: =+K34 -> 421200 | O34: =+L34 -> 0 | P34: =+M34 -> 1435200 | Q34: =+Q33+E34-H34-N34 -> 6446597 | R34: =+R33+F34-I34-O34 -> -244389 | S34: =+S33+G34-J34-P34 -> 6785437 | T34: =SUM(Q34:S34) -> 12987645
A35: 2025/26 | E35: 3000000 | H35: 900000 | K35: =+SUM!R48*1000 -> 904800 | L35: =+SUM!T48*1000 -> 0 | M35: =+SUM!S48*1000 -> 0 | N35: =+K35 -> 904800 | O35: =+L35 -> 0 | P35: =+M35 -> 0 | Q35: =+Q34+E35-H35-N35 -> 7641797 | R35: =+R34+F35-I35-O35 -> -244389 | S35: =+S34+G35-J35-P35 -> 6785437 | T35: =SUM(Q35:S35) -> 14182845
A36: 2025/27 | E36: 3000000 | K36: =+SUM!R49*1000 -> 249600 | L36: =+SUM!T49*1000 -> 0 | M36: =+SUM!S49*1000 -> 2496000 | N36: =+K36 -> 249600 | O36: =+L36 -> 0 | P36: =+M36 -> 2496000 | Q36: =+Q35+E36-H36-N36 -> 10392197 | R36: =+R35+F36-I36-O36 -> -244389 | S36: =+S35+G36-J36-P36 -> 4289437 | T36: =SUM(Q36:S36) -> 14437245
A37: 2025/28 | G37: 3000000 | H37: 900000 | K37: =+SUM!R50*1000 -> 1404000 | L37: =+SUM!T50*1000 -> 0 | M37: =+SUM!S50*1000 -> 2152800 | N37: =+K37 -> 1404000 | O37: =+L37 -> 0 | P37: =+M37 -> 2152800 | Q37: =+Q36+E37-H37-N37 -> 8088197 | R37: =+R36+F37-I37-O37 -> -244389 | S37: =+S36+G37-J37-P37 -> 5136637 | T37: =SUM(Q37:S37) -> 12980445
A38: 2025/29 | G38: 3000000 | H38: 900000 | K38: =+SUM!R51*1000 -> 187200 | L38: =+SUM!T51*1000 -> 0 | M38: =+SUM!S51*1000 -> 249600 | N38: =+K38 -> 187200 | O38: =+L38 -> 0 | P38: =+M38 -> 249600 | Q38: =+Q37+E38-H38-N38 -> 7000997 | R38: =+R37+F38-I38-O38 -> -244389 | S38: =+S37+G38-J38-P38 -> 7887037 | T38: =SUM(Q38:S38) -> 14643645
A39: 2025/30 | E39: 2400000 | G39: 600000 | H39: 900000 | K39: =+SUM!R52*1000 -> 2667600 | L39: =+SUM!T52*1000 -> 0 | M39: =+SUM!S52*1000 -> 2215200 | N39: =+K39 -> 2667600 | O39: =+L39 -> 0 | P39: =+M39 -> 2215200 | Q39: =+Q38+E39-H39-N39 -> 5833397 | R39: =+R38+F39-I39-O39 -> -244389 | S39: =+S38+G39-J39-P39 -> 6271837 | T39: =SUM(Q39:S39) -> 11860845 | U39: =+T39/550000 -> 21.565173
A40: 2025/31 | E40: 3000000 | H40: 900000 | K40: =+SUM!R53*1000 -> 904800 | L40: =+SUM!T53*1000 -> 0 | M40: =+SUM!S53*1000 -> 1950000 | N40: =+K40 -> 904800 | O40: =+L40 -> 0 | P40: =+M40 -> 1950000 | Q40: =+Q39+E40-H40-N40 -> 7028597 | R40: =+R39+F40-I40-O40 -> -244389 | S40: =+S39+G40-J40-P40 -> 4321837 | T40: =SUM(Q40:S40) -> 11106045 | U40: =+T40/550000 -> 20.192809
A41: 2025/32 | E41: 3000000 | K41: =+SUM!R54*1000 -> 1216800 | L41: =+SUM!T54*1000 -> 0 | M41: =+SUM!S54*1000 -> 2028000 | N41: =+K41 -> 1216800 | O41: =+L41 -> 0 | P41: =+M41 -> 2028000 | Q41: =+Q40+E41-H41-N41 -> 8811797 | R41: =+R40+F41-I41-O41 -> -244389 | S41: =+S40+G41-J41-P41 -> 2293837 | T41: =SUM(Q41:S41) -> 10861245 | U41: =+T41/550000 -> 19.747718
A42: 2025/33 | E42: 3000000 | H42: 900000 | K42: =+SUM!R55*1000 -> 1294800 | L42: =+SUM!T55*1000 -> 0 | M42: =+SUM!S55*1000 -> 1326000 | N42: =+K42 -> 1294800 | O42: =+L42 -> 0 | P42: =+M42 -> 1326000 | Q42: =+Q41+E42-H42-N42 -> 9616997 | R42: =+R41+F42-I42-O42 -> -244389 | S42: =+S41+G42-J42-P42 -> 967837.04 | T42: =SUM(Q42:S42) -> 10340445 | U42: =+T42/550000 -> 18.800809
A43: 2025/34 | E43: 3000000 | H43: 900000 | K43: =+SUM!R56*1000 -> 1294800 | L43: =+SUM!T56*1000 -> 0 | M43: =+SUM!S56*1000 -> 2199600 | N43: =+K43 -> 1294800 | O43: =+L43 -> 0 | P43: =+M43 -> 2199600 | Q43: =+Q42+E43-H43-N43 -> 10422197 | R43: =+R42+F43-I43-O43 -> -244389 | S43: =+S42+G43-J43-P43 -> -1231763 | T43: =SUM(Q43:S43) -> 8946045 | U43: =+T43/550000 -> 16.265536
A44: 2025/35 | E44: 3000000 | K44: =+SUM!R57*1000 -> 639600 | L44: =+SUM!T57*1000 -> 0 | M44: =+SUM!S57*1000 -> 296400 | N44: =+K44 -> 639600 | O44: =+L44 -> 0 | P44: =+M44 -> 296400 | Q44: =+Q43+E44-H44-N44 -> 12782597 | R44: =+R43+F44-I44-O44 -> -244389 | S44: =+S43+G44-J44-P44 -> -1528163 | T44: =SUM(Q44:S44) -> 11010045 | U44: =+T44/550000 -> 20.018264
A45: 2025/36 | E45: 3000000 | H45: 900000 | K45: =+SUM!R58*1000 -> 1419600 | L45: =+SUM!T58*1000 -> 0 | M45: =+SUM!S58*1000 -> 3400800 | N45: =+K45 -> 1419600 | O45: =+L45 -> 0 | P45: =+M45 -> 3400800 | Q45: =+Q44+E45-H45-N45 -> 13462997 | R45: =+R44+F45-I45-O45 -> -244389 | S45: =+S44+G45-J45-P45 -> -4928963 | T45: =SUM(Q45:S45) -> 8289645 | U45: =+T45/550000 -> 15.072082
A46: 2025/37 | E46: 3000000 | K46: =+SUM!R59*1000 -> 2308800 | L46: =+SUM!T59*1000 -> 748800 | M46: =+SUM!S59*1000 -> 2199600 | N46: =+K46 -> 2308800 | O46: =+L46 -> 748800 | P46: =+M46 -> 2199600 | Q46: =+Q45+E46-H46-N46 -> 14154197 | R46: =+R45+F46-I46-O46 -> -993189 | S46: =+S45+G46-J46-P46 -> -7128563 | T46: =SUM(Q46:S46) -> 6032445 | U46: =+T46/550000 -> 10.968082
A47: 2025/38 | E47: 3000000 | H47: 900000 | K47: =+SUM!R60*1000 -> 1404000 | L47: =+SUM!T60*1000 -> 717600 | M47: =+SUM!S60*1000 -> 0 | N47: =+K47 -> 1404000 | O47: =+L47 -> 717600 | P47: =+M47 -> 0 | Q47: =+Q46+E47-H47-N47 -> 14850197 | R47: =+R46+F47-I47-O47 -> -1710789 | S47: =+S46+G47-J47-P47 -> -7128563 | T47: =SUM(Q47:S47) -> 6010845 | U47: =+T47/550000 -> 10.928809
A48: 2025/39 | E48: 3000000 | K48: =+SUM!R61*1000 -> 1825200 | L48: =+SUM!T61*1000 -> 0 | M48: =+SUM!S61*1000 -> 1996800 | N48: =+K48 -> 1825200 | O48: =+L48 -> 0 | P48: =+M48 -> 1996800 | Q48: =+Q47+E48-H48-N48 -> 16024997 | R48: =+R47+F48-I48-O48 -> -1710789 | S48: =+S47+G48-J48-P48 -> -9125363 | T48: =SUM(Q48:S48) -> 5188845 | U48: =+T48/550000 -> 9.4342637
A49: 2025/40 | E49: 3000000 | K49: =+SUM!R62*1000 -> 1326000 | L49: =+SUM!T62*1000 -> 0 | M49: =+SUM!S62*1000 -> 748800 | N49: =+K49 -> 1326000 | O49: =+L49 -> 0 | P49: =+M49 -> 748800 | Q49: =+Q48+E49-H49-N49 -> 17698997 | R49: =+R48+F49-I49-O49 -> -1710789 | S49: =+S48+G49-J49-P49 -> -9874163 | T49: =SUM(Q49:S49) -> 6114045 | U49: =+T49/550000 -> 11.116446
A50: 2025/41 | E50: 3000000 | K50: =+SUM!R63*1000 -> 343200 | L50: =+SUM!T63*1000 -> 0 | M50: =+SUM!S63*1000 -> 1014000 | N50: =+K50 -> 343200 | O50: =+L50 -> 0 | P50: =+M50 -> 1014000 | Q50: =+Q49+E50-H50-N50 -> 20355797 | R50: =+R49+F50-I50-O50 -> -1710789 | S50: =+S49+G50-J50-P50 -> -10888163 | T50: =SUM(Q50:S50) -> 7756845
A51: 2025/42 | E51: 3000000 | K51: =+SUM!R64*1000 -> 1107600 | L51: =+SUM!T64*1000 -> 0 | M51: =+SUM!S64*1000 -> 608400 | N51: =+K51 -> 1107600 | O51: =+L51 -> 0 | P51: =+M51 -> 608400 | Q51: =+Q50+E51-H51-N51 -> 22248197 | R51: =+R50+F51-I51-O51 -> -1710789 | S51: =+S50+G51-J51-P51 -> -11496563 | T51: =SUM(Q51:S51) -> 9040845
A52: 2025/43 | E52: 3000000 | K52: =+SUM!R65*1000 -> 1482000 | L52: =+SUM!T65*1000 -> 0 | M52: =+SUM!S65*1000 -> 499200 | N52: =+K52 -> 1482000 | O52: =+L52 -> 0 | P52: =+M52 -> 499200 | Q52: =+Q51+E52-H52-N52 -> 23766197 | R52: =+R51+F52-I52-O52 -> -1710789 | S52: =+S51+G52-J52-P52 -> -11995763 | T52: =SUM(Q52:S52) -> 10059645
A53: 2025/44 | E53: 3000000 | K53: =+SUM!R66*1000 -> 1981200 | L53: =+SUM!T66*1000 -> 0 | M53: =+SUM!S66*1000 -> 1466400 | N53: =+K53 -> 1981200 | O53: =+L53 -> 0 | P53: =+M53 -> 1466400 | Q53: =+Q52+E53-H53-N53 -> 24784997 | R53: =+R52+F53-I53-O53 -> -1710789 | S53: =+S52+G53-J53-P53 -> -13462163 | T53: =SUM(Q53:S53) -> 9612045
A54: 2025/45 | E54: 3000000 | K54: =+SUM!R67*1000 -> 608400 | L54: =+SUM!T67*1000 -> 0 | M54: =+SUM!S67*1000 -> 655200 | N54: =+K54 -> 608400 | O54: =+L54 -> 0 | P54: =+M54 -> 655200 | Q54: =+Q53+E54-H54-N54 -> 27176597 | R54: =+R53+F54-I54-O54 -> -1710789 | S54: =+S53+G54-J54-P54 -> -14117363 | T54: =SUM(Q54:S54) -> 11348445
A55: 2025/46 | E55: 3000000 | K55: =+SUM!R68*1000 -> 46800 | L55: =+SUM!T68*1000 -> 0 | M55: =+SUM!S68*1000 -> 499200 | N55: =+K55 -> 46800 | O55: =+L55 -> 0 | P55: =+M55 -> 499200 | Q55: =+Q54+E55-H55-N55 -> 30129797 | R55: =+R54+F55-I55-O55 -> -1710789 | S55: =+S54+G55-J55-P55 -> -14616563 | T55: =SUM(Q55:S55) -> 13802445
A56: 2025/47 | E56: 3000000 | K56: =+SUM!R69*1000 -> 1591200 | L56: =+SUM!T69*1000 -> 0 | M56: =+SUM!S69*1000 -> 452400 | N56: =+K56 -> 1591200 | O56: =+L56 -> 0 | P56: =+M56 -> 452400 | Q56: =+Q55+E56-H56-N56 -> 31538597 | R56: =+R55+F56-I56-O56 -> -1710789 | S56: =+S55+G56-J56-P56 -> -15068963 | T56: =SUM(Q56:S56) -> 14758845
A57: 2025/48 | E57: 3000000 | K57: =+SUM!R70*1000 -> 1294800 | L57: =+SUM!T70*1000 -> 0 | M57: =+SUM!S70*1000 -> 46800 | N57: =+K57 -> 1294800 | O57: =+L57 -> 0 | P57: =+M57 -> 46800 | Q57: =+Q56+E57-H57-N57 -> 33243797 | R57: =+R56+F57-I57-O57 -> -1710789 | S57: =+S56+G57-J57-P57 -> -15115763 | T57: =SUM(Q57:S57) -> 16417245
A58: 2025/49 | E58: 3000000 | K58: =+SUM!R71*1000 -> 327600 | L58: =+SUM!T71*1000 -> 0 | M58: =+SUM!S71*1000 -> 0 | N58: =+K58 -> 327600 | O58: =+L58 -> 0 | P58: =+M58 -> 0 | Q58: =+Q57+E58-H58-N58 -> 35916197 | R58: =+R57+F58-I58-O58 -> -1710789 | S58: =+S57+G58-J58-P58 -> -15115763 | T58: =SUM(Q58:S58) -> 19089645
A59: 2025/50 | E59: 3000000 | K59: =+SUM!R72*1000 -> 327600 | L59: =+SUM!T72*1000 -> 0 | M59: =+SUM!S72*1000 -> 0 | N59: =+K59 -> 327600 | O59: =+L59 -> 0 | P59: =+M59 -> 0 | Q59: =+Q58+E59-H59-N59 -> 38588597 | R59: =+R58+F59-I59-O59 -> -1710789 | S59: =+S58+G59-J59-P59 -> -15115763 | T59: =SUM(Q59:S59) -> 21762045
A60: 2025/51 | E60: 3000000 | K60: =+SUM!R73*1000 -> 171600 | L60: =+SUM!T73*1000 -> 0 | M60: =+SUM!S73*1000 -> 0 | N60: =+K60 -> 171600 | O60: =+L60 -> 0 | P60: =+M60 -> 0 | Q60: =+Q59+E60-H60-N60 -> 41416997 | R60: =+R59+F60-I60-O60 -> -1710789 | S60: =+S59+G60-J60-P60 -> -15115763 | T60: =SUM(Q60:S60) -> 24590445
A61: 2025/52 | E61: 3000000 | K61: =+SUM!R74*1000 -> 546000 | L61: =+SUM!T74*1000 -> 0 | M61: =+SUM!S74*1000 -> 0 | N61: =+K61 -> 546000 | O61: =+L61 -> 0 | P61: =+M61 -> 0 | Q61: =+Q60+E61-H61-N61 -> 43870997 | R61: =+R60+F61-I61-O61 -> -1710789 | S61: =+S60+G61-J61-P61 -> -15115763
A62: 2026/01 | K62: =+SUM!R75*1000 -> 0 | L62: =+SUM!T75*1000 -> 0 | M62: =+SUM!S75*1000 -> 592800 | Q62: =+Q61+E62-H62-N62 -> 43870997 | R62: =+R61+F62-I62-O62 -> -1710789 | S62: =+S61+G62-J62-P62 -> -15115763
A63: 2026/02 | K63: =+SUM!R76*1000 -> 0 | L63: =+SUM!T76*1000 -> 0 | M63: =+SUM!S76*1000 -> 468000 | Q63: =+Q62+E63-H63-N63 -> 43870997 | R63: =+R62+F63-I63-O63 -> -1710789 | S63: =+S62+G63-J63-P63 -> -15115763
A64: 2026/03 | K64: =+SUM!R77*1000 -> 0 | L64: =+SUM!T77*1000 -> 0 | M64: =+SUM!S77*1000 -> 0 | Q64: =+Q63+E64-H64-N64 -> 43870997 | R64: =+R63+F64-I64-O64 -> -1710789 | S64: =+S63+G64-J64-P64 -> -15115763
A65: 2026/04 | K65: =+SUM!R78*1000 -> 0 | L65: =+SUM!T78*1000 -> 0 | M65: =+SUM!S78*1000 -> 0 | Q65: =+Q64+E65-H65-N65 -> 43870997 | R65: =+R64+F65-I65-O65 -> -1710789 | S65: =+S64+G65-J65-P65 -> -15115763
A66: 2026/05 | K66: =+SUM!R79*1000 -> 0 | L66: =+SUM!T79*1000 -> 0 | M66: =+SUM!S79*1000 -> 0 | Q66: =+Q65+E66-H66-N66 -> 43870997 | R66: =+R65+F66-I66-O66 -> -1710789 | S66: =+S65+G66-J66-P66 -> -15115763
A67: 2026/06 | K67: =+SUM!R80*1000 -> 0 | L67: =+SUM!T80*1000 -> 0 | M67: =+SUM!S80*1000 -> 0 | Q67: =+Q66+E67-H67-N67 -> 43870997 | R67: =+R66+F67-I67-O67 -> -1710789 | S67: =+S66+G67-J67-P67 -> -15115763
A68: 2026/07 | K68: =+SUM!R81*1000 -> 0 | L68: =+SUM!T81*1000 -> 0 | M68: =+SUM!S81*1000 -> 0 | Q68: =+Q67+E68-H68-N68 -> 43870997 | R68: =+R67+F68-I68-O68 -> -1710789 | S68: =+S67+G68-J68-P68 -> -15115763
A69: 2026/08 | K69: =+SUM!R82*1000 -> 0 | L69: =+SUM!T82*1000 -> 0 | M69: =+SUM!S82*1000 -> 0 | Q69: =+Q68+E69-H69-N69 -> 43870997 | R69: =+R68+F69-I69-O69 -> -1710789 | S69: =+S68+G69-J69-P69 -> -15115763

Sheet Injection
B1: forcast | C1: forcast | D1: 9421 | E1: 9421 | F1: 8822 | G1: 8822 | H1: 8822 | I1: 4026 | J1: 4026 | K1: 11954 | L1: 1321 | M1: 1321 | N1: 1321 | O1: 1321 | P1: 4907 | Q1: 4907 | R1: 4977 | S1: 4977 | T1: 4977 | U1: 4977 | V1: 8349 | W1: 2889 | X1: 2889 | Y1: 2283 | Z1: 2283 | AL1: =SUM(AL5:AL71) -> 23436 | AM1: =SUM(AM5:AM71) -> 26180 | AN1: =SUM(AN5:AN71) -> 1188 | AO1: =SUM(AO5:AO71) -> 1200 | AP1: =SUM(AP5:AP71) -> 102384 | AQ1: =SUM(AQ5:AQ71) -> 91104 | AR1: =SUM(AR5:AR71) -> 6902 | AS1: =SUM(AS5:AS71) -> 11856 | ... BM1: =SUM(BM5:BM71) -> 0 | BP1: =SUM(BP5:BP71) -> 10468.8 | BQ1: =SUM(BQ5:BQ71) -> 10433.6 | BR1: =SUM(BR5:BR71) -> 36736.8 | BS1: =SUM(BS5:BS71) -> 36568.8 | BT1: =SUM(BT5:BT71) -> 36643.2 | BU1: =SUM(BU5:BU71) -> 36475.2
B2: target(K)/W | C2: target(K)/W | D2: 8 | E2: 9 | F2: 5 | G2: 3 | H2: 5 | I2: 7 | J2: 4 | K2: 4 | L2: 6 | M2: 5 | N2: 6 | O2: 4 | P2: 2 | Q2: 2 | R2: 6 | S2: 6 | T2: 6 | U2: 6 | V2: 3 | W2: 7 | X2: 7 | Y2: 3 | Z2: 3 | AA2: 6 | AB2: 6 | AL2: 9 | AM2: 10 | AN2: 5 | AO2: 5 | AP2: 9 | AQ2: 8 | AR2: 7 | AS2: 6 | AT2: 2 | AU2: 2 | AV2: 6 | AW2: 6 | AX2: 6 | AY2: 6 | BP2: Total
B3: Plan | C3: chưa đóng | D3: VS424 | E3: VS429 | F3: VS230 | G3: VS228 | H3: VS233 | I3: VS393 | J3: VS399 | K3: VS010 | L3: VS384 | M3: VS385 | N3: VS384A | O3: VS385A | P3: VS089 | Q3: VS090 | R3: VS193 | S3: VS288 | T3: VS193A | U3: VS288A | V3: VS515 | W3: VC181 | X3: VC182 | Y3: VC248 | Z3: VC249 | AA3: VQ069A | AB3: VQ070A | AL3: VC261 | AM3: VC267 | AN3: VT084 | AO3: VT085 | AP3: VS344 | AQ3: VS369 | AR3: VD387 | AS3: VD424 | AT3: VS089 | AU3: VS090 | AV3: VS193 | AW3: VS288 | AX3: VS193A | AY3: VS288A | BP3: VS089 | BQ3: VS090 | BR3: VS193 | BS3: VS288 | BT3: VS193A | BU3: VS288A
A4: Total | B4: =SUM(B5:B71) -> 920886 | C4: =SUM(C5:C71) -> 290557.2 | D4: =SUM(D5:D71) -> 81993.6 | E4: =SUM(E5:E71) -> 92383.2 | F4: =SUM(F5:F71) -> 43134 | G4: =SUM(G5:G71) -> 25833.6 | H4: =SUM(H5:H71) -> 43056 | I4: =SUM(I5:I71) -> 15834 | ... AB4: =SUM(AB5:AB71) -> 11793.6 | AL4: =SUM(AL5:AL71) -> 23436 | AM4: =SUM(AM5:AM71) -> 26180 | AN4: =SUM(AN5:AN71) -> 1188 | AO4: =SUM(AO5:AO71) -> 1200 | AP4: =SUM(AP5:AP71) -> 102384 | AQ4: =SUM(AQ5:AQ71) -> 91104 | AR4: =SUM(AR5:AR71) -> 6902 | AS4: =SUM(AS5:AS71) -> 11856 | ... DB4: =SUM(DB5:DB71) -> 0
A5: 2025/42 | B5: =SUM(D5:BJ5) -> 5240 | D5: =+Production!D5*Injection!$D$2 -> 0 | E5: =+Production!E5*Injection!$E$2 -> 0 | F5: =+Production!F5*Injection!$F$2 -> 0 | G5: =+Production!G5*Injection!$G$2 -> 0 | H5: =+Production!H5*Injection!$H$2 -> 0 | I5: =+Production!I5*Injection!$I$2 -> 0 | J5: =+Production!J5*Injection!$J$2 -> 0 | K5: =+Production!K5*Injection!$K$2 -> 0 | L5: =+Production!L5*Injection!$L$2 -> 0 | M5: =+Production!M5*Injection!$M$2 -> 0 | N5: =+Production!N5*Injection!$N$2 -> 0 | O5: =+Production!O5*Injection!$O$2 -> 0 | P5: =+Production!P5*Injection!$P$2 -> 0 | Q5: =+Production!Q5*Injection!$Q$2 -> 0 | R5: =+Production!R5*Injection!$R$2 -> 0 | S5: =+Production!S5*$S$2 -> 0 | T5: =+Production!T5*$T$2 -> 0 | U5: =+Production!U5*$U$2 -> 0 | V5: =+Production!V5*$V$2 -> 0 | W5: =+Production!W5*$W$2 -> 0 | X5: =+Production!X5*$X$2 -> 0 | Y5: =+Production!Y5*$Y$2 -> 0 | Z5: =+Production!Z5*$Z$2 -> 0 | AA5: =+Production!AA5*$AA$2 -> 0 | AB5: =+Production!AB5*$AB$2 -> 0 | AL5: =+Production!AO5*Injection!$AL$2 -> 2520 | AM5: =+Production!AP5*Injection!$AM$2 -> 2720 | AN5: =+Production!AQ5*$AN$2 -> 0 | AO5: =+Production!AR5*$AO$2 -> 0 | AP5: =+Production!AS5*$AP$2 -> 0 | AQ5: =+Production!AT5*$AQ$2 -> 0 | AR5: =+Production!AU5*$AR$2 -> 0 | AS5: =+Production!AV5*$AS$2 -> 0 | AT5: =+Production!AW5*$AT$2 -> 0 | AU5: =+Production!AX5*$AU$2 -> 0 | AV5: =+Production!AY5*$AV$2 -> 0 | AW5: =+Production!AZ5*$AW$2 -> 0 | AX5: =+Production!BA5*$AX$2 -> 0 | AY5: =+Production!BB5*$AY$2 -> 0 | BP5: =+P5+AT5 -> 0 | BQ5: =+Q5+AU5 -> 0 | BR5: =R5+AV5 -> 0 | BS5: =S5+AW5 -> 0 | BT5: =T5+AX5 -> 0 | BU5: =U5+AY5 -> 0
A6: 2025/43 | B6: =SUM(D6:BJ6) -> 6084 | D6: =+Production!D6*Injection!$D$2 -> 0 | E6: =+Production!E6*Injection!$E$2 -> 0 | F6: =+Production!F6*Injection!$F$2 -> 0 | G6: =+Production!G6*Injection!$G$2 -> 0 | H6: =+Production!H6*Injection!$H$2 -> 0 | I6: =+Production!I6*Injection!$I$2 -> 0 | J6: =+Production!J6*Injection!$J$2 -> 0 | K6: =+Production!K6*Injection!$K$2 -> 0 | L6: =+Production!L6*Injection!$L$2 -> 0 | M6: =+Production!M6*Injection!$M$2 -> 0 | N6: =+Production!N6*Injection!$N$2 -> 0 | O6: =+Production!O6*Injection!$O$2 -> 0 | P6: =+Production!P6*Injection!$P$2 -> 0 | Q6: =+Production!Q6*Injection!$Q$2 -> 0 | R6: =+Production!R6*Injection!$R$2 -> 0 | S6: =+Production!S6*Injection!$S$2 -> 0 | T6: =+Production!T6*$T$2 -> 0 | U6: =+Production!U6*$U$2 -> 0 | V6: =+Production!V6*$V$2 -> 0 | W6: =+Production!W6*$W$2 -> 0 | X6: =+Production!X6*$X$2 -> 0 | Y6: =+Production!Y6*$Y$2 -> 0 | Z6: =+Production!Z6*$Z$2 -> 0 | AA6: =+Production!AA6*$AA$2 -> 0 | AB6: =+Production!AB6*$AB$2 -> 0 | AL6: =+Production!AO6*Injection!$AL$2 -> 3024 | AM6: =+Production!AP6*Injection!$AM$2 -> 3060 | AN6: =+Production!AQ6*$AN$2 -> 0 | AO6: =+Production!AR6*$AO$2 -> 0 | AP6: =+Production!AS6*$AP$2 -> 0 | AQ6: =+Production!AT6*$AQ$2 -> 0 | AR6: =+Production!AU6*$AR$2 -> 0 | AS6: =+Production!AV6*$AS$2 -> 0 | AT6: =+Production!AW6*$AT$2 -> 0 | AU6: =+Production!AX6*$AU$2 -> 0 | AV6: =+Production!AY6*$AV$2 -> 0 | AW6: =+Production!AZ6*$AW$2 -> 0 | AX6: =+Production!BA6*$AX$2 -> 0 | AY6: =+Production!BB6*$AY$2 -> 0 | BP6: =+P6+AT6 -> 0 | BQ6: =+Q6+AU6 -> 0 | BR6: =R6+AV6 -> 0 | BS6: =S6+AW6 -> 0 | BT6: =T6+AX6 -> 0 | BU6: =U6+AY6 -> 0
A7: 2025/44 | B7: =SUM(D7:BJ7) -> 0 | D7: =+Production!D7*Injection!$D$2 -> 0 | E7: =+Production!E7*Injection!$E$2 -> 0 | F7: =+Production!F7*Injection!$F$2 -> 0 | G7: =+Production!G7*Injection!$G$2 -> 0 | H7: =+Production!H7*Injection!$H$2 -> 0 | I7: =+Production!I7*Injection!$I$2 -> 0 | J7: =+Production!J7*Injection!$J$2 -> 0 | K7: =+Production!K7*Injection!$K$2 -> 0 | L7: =+Production!L7*Injection!$L$2 -> 0 | M7: =+Production!M7*Injection!$M$2 -> 0 | N7: =+Production!N7*Injection!$N$2 -> 0 | O7: =+Production!O7*Injection!$O$2 -> 0 | P7: =+Production!P7*Injection!$P$2 -> 0 | Q7: =+Production!Q7*Injection!$Q$2 -> 0 | R7: =+Production!R7*Injection!$R$2 -> 0 | S7: =+Production!S7*Injection!$S$2 -> 0 | T7: =+Production!T7*$T$2 -> 0 | U7: =+Production!U7*$U$2 -> 0 | V7: =+Production!V7*$V$2 -> 0 | W7: =+Production!W7*$W$2 -> 0 | X7: =+Production!X7*$X$2 -> 0 | Y7: =+Production!Y7*$Y$2 -> 0 | Z7: =+Production!Z7*$Z$2 -> 0 | AA7: =+Production!AA7*$AA$2 -> 0 | AB7: =+Production!AB7*$AB$2 -> 0 | AL7: =+Production!AO7*Injection!$AL$2 -> 0 | AM7: =+Production!AP7*Injection!$AM$2 -> 0 | AN7: =+Production!AQ7*$AN$2 -> 0 | AO7: =+Production!AR7*$AO$2 -> 0 | AP7: =+Production!AS7*$AP$2 -> 0 | AQ7: =+Production!AT7*$AQ$2 -> 0 | AR7: =+Production!AU7*$AR$2 -> 0 | AS7: =+Production!AV7*$AS$2 -> 0 | AT7: =+Production!AW7*$AT$2 -> 0 | AU7: =+Production!AX7*$AU$2 -> 0 | AV7: =+Production!AY7*$AV$2 -> 0 | AW7: =+Production!AZ7*$AW$2 -> 0 | AX7: =+Production!BA7*$AX$2 -> 0 | AY7: =+Production!BB7*$AY$2 -> 0 | BP7: =+P7+AT7 -> 0 | BQ7: =+Q7+AU7 -> 0 | BR7: =R7+AV7 -> 0 | BS7: =S7+AW7 -> 0 | BT7: =T7+AX7 -> 0 | BU7: =U7+AY7 -> 0
A8: 2025/45 | B8: =SUM(D8:BJ8) -> 4736 | D8: =+Production!D8*Injection!$D$2 -> 0 | E8: =+Production!E8*Injection!$E$2 -> 0 | F8: =+Production!F8*Injection!$F$2 -> 0 | G8: =+Production!G8*Injection!$G$2 -> 0 | H8: =+Production!H8*Injection!$H$2 -> 0 | I8: =+Production!I8*Injection!$I$2 -> 0 | J8: =+Production!J8*Injection!$J$2 -> 0 | K8: =+Production!K8*Injection!$K$2 -> 0 | L8: =+Production!L8*Injection!$L$2 -> 0 | M8: =+Production!M8*Injection!$M$2 -> 0 | N8: =+Production!N8*Injection!$N$2 -> 0 | O8: =+Production!O8*Injection!$O$2 -> 0 | P8: =+Production!P8*Injection!$P$2 -> 0 | Q8: =+Production!Q8*Injection!$Q$2 -> 0 | R8: =+Production!R8*Injection!$R$2 -> 0 | S8: =+Production!S8*Injection!$S$2 -> 0 | T8: =+Production!T8*$T$2 -> 0 | U8: =+Production!U8*$U$2 -> 0 | V8: =+Production!V8*$V$2 -> 0 | W8: =+Production!W8*$W$2 -> 0 | X8: =+Production!X8*$X$2 -> 0 | Y8: =+Production!Y8*$Y$2 -> 0 | Z8: =+Production!Z8*$Z$2 -> 0 | AA8: =+Production!AA8*$AA$2 -> 0 | AB8: =+Production!AB8*$AB$2 -> 0 | AL8: =+Production!AO8*Injection!$AL$2 -> 2016 | AM8: =+Production!AP8*Injection!$AM$2 -> 2720 | AN8: =+Production!AQ8*$AN$2 -> 0 | AO8: =+Production!AR8*$AO$2 -> 0 | AP8: =+Production!AS8*$AP$2 -> 0 | AQ8: =+Production!AT8*$AQ$2 -> 0 | AR8: =+Production!AU8*$AR$2 -> 0 | AS8: =+Production!AV8*$AS$2 -> 0 | AT8: =+Production!AW8*$AT$2 -> 0 | AU8: =+Production!AX8*$AU$2 -> 0 | AV8: =+Production!AY8*$AV$2 -> 0 | AW8: =+Production!AZ8*$AW$2 -> 0 | AX8: =+Production!BA8*$AX$2 -> 0 | AY8: =+Production!BB8*$AY$2 -> 0 | BP8: =+P8+AT8 -> 0 | BQ8: =+Q8+AU8 -> 0 | BR8: =R8+AV8 -> 0 | BS8: =S8+AW8 -> 0 | BT8: =T8+AX8 -> 0 | BU8: =U8+AY8 -> 0
A9: 2025/46 | B9: =SUM(D9:BJ9) -> 13440 | D9: =+Production!D9*Injection!$D$2 -> 0 | E9: =+Production!E9*Injection!$E$2 -> 0 | F9: =+Production!F9*Injection!$F$2 -> 0 | G9: =+Production!G9*Injection!$G$2 -> 0 | H9: =+Production!H9*Injection!$H$2 -> 0 | I9: =+Production!I9*Injection!$I$2 -> 0 | J9: =+Production!J9*Injection!$J$2 -> 0 | K9: =+Production!K9*Injection!$K$2 -> 0 | L9: =+Production!L9*Injection!$L$2 -> 0 | M9: =+Production!M9*Injection!$M$2 -> 0 | N9: =+Production!N9*Injection!$N$2 -> 0 | O9: =+Production!O9*Injection!$O$2 -> 0 | P9: =+Production!P9*Injection!$P$2 -> 0 | Q9: =+Production!Q9*Injection!$Q$2 -> 0 | R9: =+Production!R9*Injection!$R$2 -> 0 | S9: =+Production!S9*Injection!$S$2 -> 0 | T9: =+Production!T9*$T$2 -> 0 | U9: =+Production!U9*$U$2 -> 0 | V9: =+Production!V9*$V$2 -> 0 | W9: =+Production!W9*$W$2 -> 0 | X9: =+Production!X9*$X$2 -> 0 | Y9: =+Production!Y9*$Y$2 -> 0 | Z9: =+Production!Z9*$Z$2 -> 0 | AA9: =+Production!AA9*$AA$2 -> 0 | AB9: =+Production!AB9*$AB$2 -> 0 | AL9: =+Production!AO9*Injection!$AL$2 -> 6300 | AM9: =+Production!AP9*Injection!$AM$2 -> 7140 | AN9: =+Production!AQ9*$AN$2 -> 0 | AO9: =+Production!AR9*$AO$2 -> 0 | AP9: =+Production!AS9*$AP$2 -> 0 | AQ9: =+Production!AT9*$AQ$2 -> 0 | AR9: =+Production!AU9*$AR$2 -> 0 | AS9: =+Production!AV9*$AS$2 -> 0 | AT9: =+Production!AW9*$AT$2 -> 0 | AU9: =+Production!AX9*$AU$2 -> 0 | AV9: =+Production!AY9*$AV$2 -> 0 | AW9: =+Production!AZ9*$AW$2 -> 0 | AX9: =+Production!BA9*$AX$2 -> 0 | AY9: =+Production!BB9*$AY$2 -> 0 | BP9: =+P9+AT9 -> 0 | BQ9: =+Q9+AU9 -> 0 | BR9: =R9+AV9 -> 0 | BS9: =S9+AW9 -> 0 | BT9: =T9+AX9 -> 0 | BU9: =U9+AY9 -> 0 | CK9: =+BA9 -> 0 | CL9: =+BB9 -> 0
A10: 2025/47 | B10: =SUM(D10:BJ10) -> 4648 | D10: =+Production!D10*Injection!$D$2 -> 0 | E10: =+Production!E10*Injection!$E$2 -> 0 | F10: =+Production!F10*Injection!$F$2 -> 0 | G10: =+Production!G10*Injection!$G$2 -> 0 | H10: =+Production!H10*Injection!$H$2 -> 0 | I10: =+Production!I10*Injection!$I$2 -> 0 | J10: =+Production!J10*Injection!$J$2 -> 0 | K10: =+Production!K10*Injection!$K$2 -> 0 | L10: =+Production!L10*Injection!$L$2 -> 0 | M10: =+Production!M10*Injection!$M$2 -> 0 | N10: =+Production!N10*Injection!$N$2 -> 0 | O10: =+Production!O10*Injection!$O$2 -> 0 | P10: =+Production!P10*Injection!$P$2 -> 0 | Q10: =+Production!Q10*Injection!$Q$2 -> 0 | R10: =+Production!R10*Injection!$R$2 -> 0 | S10: =+Production!S10*Injection!$S$2 -> 0 | T10: =+Production!T10*$T$2 -> 0 | U10: =+Production!U10*$U$2 -> 0 | V10: =+Production!V10*$V$2 -> 0 | W10: =+Production!W10*$W$2 -> 0 | X10: =+Production!X10*$X$2 -> 0 | Y10: =+Production!Y10*$Y$2 -> 0 | Z10: =+Production!Z10*$Z$2 -> 0 | AA10: =+Production!AA10*$AA$2 -> 0 | AB10: =+Production!AB10*$AB$2 -> 0 | AL10: =+Production!AO10*Injection!$AL$2 -> 2268 | AM10: =+Production!AP10*Injection!$AM$2 -> 2380 | AN10: =+Production!AQ10*$AN$2 -> 0 | AO10: =+Production!AR10*$AO$2 -> 0 | AP10: =+Production!AS10*$AP$2 -> 0 | AQ10: =+Production!AT10*$AQ$2 -> 0 | AR10: =+Production!AU10*$AR$2 -> 0 | AS10: =+Production!AV10*$AS$2 -> 0 | AT10: =+Production!AW10*$AT$2 -> 0 | AU10: =+Production!AX10*$AU$2 -> 0 | AV10: =+Production!AY10*$AV$2 -> 0 | AW10: =+Production!AZ10*$AW$2 -> 0 | AX10: =+Production!BA10*$AX$2 -> 0 | AY10: =+Production!BB10*$AY$2 -> 0 | BP10: =+P10+AT10 -> 0 | BQ10: =+Q10+AU10 -> 0 | BR10: =R10+AV10 -> 0 | BS10: =S10+AW10 -> 0 | BT10: =T10+AX10 -> 0 | BU10: =U10+AY10 -> 0 | CK10: =+BA10 -> 0 | CL10: =+BB10 -> 0
A11: 2025/48 | B11: =SUM(D11:BJ11) -> 0 | D11: =+Production!D11*Injection!$D$2 -> 0 | E11: =+Production!E11*Injection!$E$2 -> 0 | F11: =+Production!F11*Injection!$F$2 -> 0 | G11: =+Production!G11*Injection!$G$2 -> 0 | H11: =+Production!H11*Injection!$H$2 -> 0 | I11: =+Production!I11*Injection!$I$2 -> 0 | J11: =+Production!J11*Injection!$J$2 -> 0 | K11: =+Production!K11*Injection!$K$2 -> 0 | L11: =+Production!L11*Injection!$L$2 -> 0 | M11: =+Production!M11*Injection!$M$2 -> 0 | N11: =+Production!N11*Injection!$N$2 -> 0 | O11: =+Production!O11*Injection!$O$2 -> 0 | P11: =+Production!P11*Injection!$P$2 -> 0 | Q11: =+Production!Q11*Injection!$Q$2 -> 0 | R11: =+Production!R11*Injection!$R$2 -> 0 | S11: =+Production!S11*Injection!$S$2 -> 0 | T11: =+Production!T11*$T$2 -> 0 | U11: =+Production!U11*$U$2 -> 0 | V11: =+Production!V11*$V$2 -> 0 | W11: =+Production!W11*$W$2 -> 0 | X11: =+Production!X11*$X$2 -> 0 | Y11: =+Production!Y11*$Y$2 -> 0 | Z11: =+Production!Z11*$Z$2 -> 0 | AA11: =+Production!AA11*$AA$2 -> 0 | AB11: =+Production!AB11*$AB$2 -> 0 | AL11: =+Production!AO11*Injection!$AL$2 -> 0 | AM11: =+Production!AP11*Injection!$AM$2 -> 0 | AN11: =+Production!AQ11*$AN$2 -> 0 | AO11: =+Production!AR11*$AO$2 -> 0 | AP11: =+Production!AS11*$AP$2 -> 0 | AQ11: =+Production!AT11*$AQ$2 -> 0 | AR11: =+Production!AU11*$AR$2 -> 0 | AS11: =+Production!AV11*$AS$2 -> 0 | AT11: =+Production!AW11*$AT$2 -> 0 | AU11: =+Production!AX11*$AU$2 -> 0 | AV11: =+Production!AY11*$AV$2 -> 0 | AW11: =+Production!AZ11*$AW$2 -> 0 | AX11: =+Production!BA11*$AX$2 -> 0 | AY11: =+Production!BB11*$AY$2 -> 0 | BP11: =+P11+AT11 -> 0 | BQ11: =+Q11+AU11 -> 0 | BR11: =R11+AV11 -> 0 | BS11: =S11+AW11 -> 0 | BT11: =T11+AX11 -> 0 | BU11: =U11+AY11 -> 0 | CK11: =+BA11 -> 0 | CL11: =+BB11 -> 0
A12: 2025/49 | B12: =SUM(D12:BJ12) -> 0 | D12: =+Production!D12*Injection!$D$2 -> 0 | E12: =+Production!E12*Injection!$E$2 -> 0 | F12: =+Production!F12*Injection!$F$2 -> 0 | G12: =+Production!G12*Injection!$G$2 -> 0 | H12: =+Production!H12*Injection!$H$2 -> 0 | I12: =+Production!I12*Injection!$I$2 -> 0 | J12: =+Production!J12*Injection!$J$2 -> 0 | K12: =+Production!K12*Injection!$K$2 -> 0 | L12: =+Production!L12*Injection!$L$2 -> 0 | M12: =+Production!M12*Injection!$M$2 -> 0 | N12: =+Production!N12*Injection!$N$2 -> 0 | O12: =+Production!O12*Injection!$O$2 -> 0 | P12: =+Production!P12*Injection!$P$2 -> 0 | Q12: =+Production!Q12*Injection!$Q$2 -> 0 | R12: =+Production!R12*Injection!$R$2 -> 0 | S12: =+Production!S12*Injection!$S$2 -> 0 | T12: =+Production!T12*$T$2 -> 0 | U12: =+Production!U12*$U$2 -> 0 | V12: =+Production!V12*$V$2 -> 0 | W12: =+Production!W12*$W$2 -> 0 | X12: =+Production!X12*$X$2 -> 0 | Y12: =+Production!Y12*$Y$2 -> 0 | Z12: =+Production!Z12*$Z$2 -> 0 | AA12: =+Production!AA12*$AA$2 -> 0 | AB12: =+Production!AB12*$AB$2 -> 0 | AL12: =+Production!AO12*Injection!$AL$2 -> 0 | AM12: =+Production!AP12*Injection!$AM$2 -> 0 | AN12: =+Production!AQ12*$AN$2 -> 0 | AO12: =+Production!AR12*$AO$2 -> 0 | AP12: =+Production!AS12*$AP$2 -> 0 | AQ12: =+Production!AT12*$AQ$2 -> 0 | AR12: =+Production!AU12*$AR$2 -> 0 | AS12: =+Production!AV12*$AS$2 -> 0 | AT12: =+Production!AW12*$AT$2 -> 0 | AU12: =+Production!AX12*$AU$2 -> 0 | AV12: =+Production!AY12*$AV$2 -> 0 | AW12: =+Production!AZ12*$AW$2 -> 0 | AX12: =+Production!BA12*$AX$2 -> 0 | AY12: =+Production!BB12*$AY$2 -> 0 | BP12: =+P12+AT12 -> 0 | BQ12: =+Q12+AU12 -> 0 | BR12: =R12+AV12 -> 0 | BS12: =S12+AW12 -> 0 | BT12: =T12+AX12 -> 0 | BU12: =U12+AY12 -> 0 | CK12: =+BA12 -> 0 | CL12: =+BB12 -> 0
A13: 2025/50 | B13: =SUM(D13:BJ13) -> 4056 | D13: =+Production!D13*Injection!$D$2 -> 0 | E13: =+Production!E13*Injection!$E$2 -> 0 | F13: =+Production!F13*Injection!$F$2 -> 1560 | G13: =+Production!G13*Injection!$G$2 -> 936 | H13: =+Production!H13*Injection!$H$2 -> 1560 | I13: =+Production!I13*Injection!$I$2 -> 0 | J13: =+Production!J13*Injection!$J$2 -> 0 | K13: =+Production!K13*Injection!$K$2 -> 0 | L13: =+Production!L13*Injection!$L$2 -> 0 | M13: =+Production!M13*Injection!$M$2 -> 0 | N13: =+Production!N13*Injection!$N$2 -> 0 | O13: =+Production!O13*Injection!$O$2 -> 0 | P13: =+Production!P13*Injection!$P$2 -> 0 | Q13: =+Production!Q13*Injection!$Q$2 -> 0 | R13: =+Production!R13*Injection!$R$2 -> 0 | S13: =+Production!S13*Injection!$S$2 -> 0 | T13: =+Production!T13*$T$2 -> 0 | U13: =+Production!U13*$U$2 -> 0 | V13: =+Production!V13*$V$2 -> 0 | W13: =+Production!W13*$W$2 -> 0 | X13: =+Production!X13*$X$2 -> 0 | Y13: =+Production!Y13*$Y$2 -> 0 | Z13: =+Production!Z13*$Z$2 -> 0 | AA13: =+Production!AA13*$AA$2 -> 0 | AB13: =+Production!AB13*$AB$2 -> 0 | AL13: =+Production!AO13*Injection!$AL$2 -> 0 | AM13: =+Production!AP13*Injection!$AM$2 -> 0 | AN13: =+Production!AQ13*$AN$2 -> 0 | AO13: =+Production!AR13*$AO$2 -> 0 | AP13: =+Production!AS13*$AP$2 -> 0 | AQ13: =+Production!AT13*$AQ$2 -> 0 | AR13: =+Production!AU13*$AR$2 -> 0 | AS13: =+Production!AV13*$AS$2 -> 0 | AT13: =+Production!AW13*$AT$2 -> 0 | AU13: =+Production!AX13*$AU$2 -> 0 | AV13: =+Production!AY13*$AV$2 -> 0 | AW13: =+Production!AZ13*$AW$2 -> 0 | AX13: =+Production!BA13*$AX$2 -> 0 | AY13: =+Production!BB13*$AY$2 -> 0 | BP13: =+P13+AT13 -> 0 | BQ13: =+Q13+AU13 -> 0 | BR13: =R13+AV13 -> 0 | BS13: =S13+AW13 -> 0 | BT13: =T13+AX13 -> 0 | BU13: =U13+AY13 -> 0 | CK13: =+BA13 -> 0 | CL13: =+BB13 -> 0
A14: 2025/51 | B14: =SUM(D14:BJ14) -> 0 | D14: =+Production!D14*Injection!$D$2 -> 0 | E14: =+Production!E14*Injection!$E$2 -> 0 | F14: =+Production!F14*Injection!$F$2 -> 0 | G14: =+Production!G14*Injection!$G$2 -> 0 | H14: =+Production!H14*Injection!$H$2 -> 0 | I14: =+Production!I14*Injection!$I$2 -> 0 | J14: =+Production!J14*Injection!$J$2 -> 0 | K14: =+Production!K14*Injection!$K$2 -> 0 | L14: =+Production!L14*Injection!$L$2 -> 0 | M14: =+Production!M14*Injection!$M$2 -> 0 | N14: =+Production!N14*Injection!$N$2 -> 0 | O14: =+Production!O14*Injection!$O$2 -> 0 | P14: =+Production!P14*Injection!$P$2 -> 0 | Q14: =+Production!Q14*Injection!$Q$2 -> 0 | R14: =+Production!R14*Injection!$R$2 -> 0 | S14: =+Production!S14*Injection!$S$2 -> 0 | T14: =+Production!T14*$T$2 -> 0 | U14: =+Production!U14*$U$2 -> 0 | V14: =+Production!V14*$V$2 -> 0 | W14: =+Production!W14*$W$2 -> 0 | X14: =+Production!X14*$X$2 -> 0 | Y14: =+Production!Y14*$Y$2 -> 0 | Z14: =+Production!Z14*$Z$2 -> 0 | AA14: =+Production!AA14*$AA$2 -> 0 | AB14: =+Production!AB14*$AB$2 -> 0 | AL14: =+Production!AO14*Injection!$AL$2 -> 0 | AM14: =+Production!AP14*Injection!$AM$2 -> 0 | AN14: =+Production!AQ14*$AN$2 -> 0 | AO14: =+Production!AR14*$AO$2 -> 0 | AP14: =+Production!AS14*$AP$2 -> 0 | AQ14: =+Production!AT14*$AQ$2 -> 0 | AR14: =+Production!AU14*$AR$2 -> 0 | AS14: =+Production!AV14*$AS$2 -> 0 | AT14: =+Production!AW14*$AT$2 -> 0 | AU14: =+Production!AX14*$AU$2 -> 0 | AV14: =+Production!AY14*$AV$2 -> 0 | AW14: =+Production!AZ14*$AW$2 -> 0 | AX14: =+Production!BA14*$AX$2 -> 0 | AY14: =+Production!BB14*$AY$2 -> 0 | BP14: =+P14+AT14 -> 0 | BQ14: =+Q14+AU14 -> 0 | BR14: =R14+AV14 -> 0 | BS14: =S14+AW14 -> 0 | BT14: =T14+AX14 -> 0 | BU14: =U14+AY14 -> 0 | CK14: =+BA14 -> 0 | CL14: =+BB14 -> 0
A15: 2025/52 | B15: =SUM(D15:BJ15) -> 4056 | D15: =+Production!D15*Injection!$D$2 -> 0 | E15: =+Production!E15*Injection!$E$2 -> 0 | F15: =+Production!F15*Injection!$F$2 -> 1560 | G15: =+Production!G15*Injection!$G$2 -> 936 | H15: =+Production!H15*Injection!$H$2 -> 1560 | I15: =+Production!I15*Injection!$I$2 -> 0 | J15: =+Production!J15*Injection!$J$2 -> 0 | K15: =+Production!K15*Injection!$K$2 -> 0 | L15: =+Production!L15*Injection!$L$2 -> 0 | M15: =+Production!M15*Injection!$M$2 -> 0 | N15: =+Production!N15*Injection!$N$2 -> 0 | O15: =+Production!O15*Injection!$O$2 -> 0 | P15: =+Production!P15*Injection!$P$2 -> 0 | Q15: =+Production!Q15*Injection!$Q$2 -> 0 | R15: =+Production!R15*Injection!$R$2 -> 0 | S15: =+Production!S15*Injection!$S$2 -> 0 | T15: =+Production!T15*$T$2 -> 0 | U15: =+Production!U15*$U$2 -> 0 | V15: =+Production!V15*$V$2 -> 0 | W15: =+Production!W15*$W$2 -> 0 | X15: =+Production!X15*$X$2 -> 0 | Y15: =+Production!Y15*$Y$2 -> 0 | Z15: =+Production!Z15*$Z$2 -> 0 | AA15: =+Production!AA15*$AA$2 -> 0 | AB15: =+Production!AB15*$AB$2 -> 0 | AL15: =+Production!AO15*Injection!$AL$2 -> 0 | AM15: =+Production!AP15*Injection!$AM$2 -> 0 | AN15: =+Production!AQ15*$AN$2 -> 0 | AO15: =+Production!AR15*$AO$2 -> 0 | AP15: =+Production!AS15*$AP$2 -> 0 | AQ15: =+Production!AT15*$AQ$2 -> 0 | AR15: =+Production!AU15*$AR$2 -> 0 | AS15: =+Production!AV15*$AS$2 -> 0 | AT15: =+Production!AW15*$AT$2 -> 0 | AU15: =+Production!AX15*$AU$2 -> 0 | AV15: =+Production!AY15*$AV$2 -> 0 | AW15: =+Production!AZ15*$AW$2 -> 0 | AX15: =+Production!BA15*$AX$2 -> 0 | AY15: =+Production!BB15*$AY$2 -> 0 | BP15: =+P15+AT15 -> 0 | BQ15: =+Q15+AU15 -> 0 | BR15: =R15+AV15 -> 0 | BS15: =S15+AW15 -> 0 | BT15: =T15+AX15 -> 0 | BU15: =U15+AY15 -> 0 | CK15: =+BA15 -> 0 | CL15: =+BB15 -> 0
A16: 2026/01 | B16: =SUM(D16:BJ16) -> 2388 | D16: =+Production!D16*Injection!$D$2 -> 0 | E16: =+Production!E16*Injection!$E$2 -> 0 | F16: =+Production!F16*Injection!$F$2 -> 0 | G16: =+Production!G16*Injection!$G$2 -> 0 | H16: =+Production!H16*Injection!$H$2 -> 0 | I16: =+Production!I16*Injection!$I$2 -> 0 | J16: =+Production!J16*Injection!$J$2 -> 0 | K16: =+Production!K16*Injection!$K$2 -> 0 | L16: =+Production!L16*Injection!$L$2 -> 0 | M16: =+Production!M16*Injection!$M$2 -> 0 | N16: =+Production!N16*Injection!$N$2 -> 0 | O16: =+Production!O16*Injection!$O$2 -> 0 | P16: =+Production!P16*Injection!$P$2 -> 0 | Q16: =+Production!Q16*Injection!$Q$2 -> 0 | R16: =+Production!R16*Injection!$R$2 -> 0 | S16: =+Production!S16*Injection!$S$2 -> 0 | T16: =+Production!T16*$T$2 -> 0 | U16: =+Production!U16*$U$2 -> 0 | V16: =+Production!V16*$V$2 -> 0 | W16: =+Production!W16*$W$2 -> 0 | X16: =+Production!X16*$X$2 -> 0 | Y16: =+Production!Y16*$Y$2 -> 0 | Z16: =+Production!Z16*$Z$2 -> 0 | AA16: =+Production!AA16*$AA$2 -> 0 | AB16: =+Production!AB16*$AB$2 -> 0 | AL16: =+Production!AO16*Injection!$AL$2 -> 0 | AM16: =+Production!AP16*Injection!$AM$2 -> 0 | AN16: =+Production!AQ16*$AN$2 -> 1188 | AO16: =+Production!AR16*$AO$2 -> 1200 | AP16: =+Production!AS16*$AP$2 -> 0 | AQ16: =+Production!AT16*$AQ$2 -> 0 | AR16: =+Production!AU16*$AR$2 -> 0 | AS16: =+Production!AV16*$AS$2 -> 0 | AT16: =+Production!AW16*$AT$2 -> 0 | AU16: =+Production!AX16*$AU$2 -> 0 | AV16: =+Production!AY16*$AV$2 -> 0 | AW16: =+Production!AZ16*$AW$2 -> 0 | AX16: =+Production!BA16*$AX$2 -> 0 | AY16: =+Production!BB16*$AY$2 -> 0 | BP16: =+P16+AT16 -> 0 | BQ16: =+Q16+AU16 -> 0 | BR16: =R16+AV16 -> 0 | BS16: =S16+AW16 -> 0 | BT16: =T16+AX16 -> 0 | BU16: =U16+AY16 -> 0 | CK16: =+BA16 -> 0 | CL16: =+BB16 -> 0
A17: 2026/02 | B17: =SUM(D17:BJ17) -> 0 | D17: =+Production!D17*Injection!$D$2 -> 0 | E17: =+Production!E17*Injection!$E$2 -> 0 | F17: =+Production!F17*Injection!$F$2 -> 0 | G17: =+Production!G17*Injection!$G$2 -> 0 | H17: =+Production!H17*Injection!$H$2 -> 0 | I17: =+Production!I17*Injection!$I$2 -> 0 | J17: =+Production!J17*Injection!$J$2 -> 0 | K17: =+Production!K17*Injection!$K$2 -> 0 | L17: =+Production!L17*Injection!$L$2 -> 0 | M17: =+Production!M17*Injection!$M$2 -> 0 | N17: =+Production!N17*Injection!$N$2 -> 0 | O17: =+Production!O17*Injection!$O$2 -> 0 | P17: =+Production!P17*Injection!$P$2 -> 0 | Q17: =+Production!Q17*Injection!$Q$2 -> 0 | R17: =+Production!R17*Injection!$R$2 -> 0 | S17: =+Production!S17*Injection!$S$2 -> 0 | T17: =+Production!T17*$T$2 -> 0 | U17: =+Production!U17*$U$2 -> 0 | V17: =+Production!V17*$V$2 -> 0 | W17: =+Production!W17*$W$2 -> 0 | X17: =+Production!X17*$X$2 -> 0 | Y17: =+Production!Y17*$Y$2 -> 0 | Z17: =+Production!Z17*$Z$2 -> 0 | AA17: =+Production!AA17*$AA$2 -> 0 | AB17: =+Production!AB17*$AB$2 -> 0 | AL17: =+Production!AO17*Injection!$AL$2 -> 0 | AM17: =+Production!AP17*Injection!$AM$2 -> 0 | AN17: =+Production!AQ17*$AN$2 -> 0 | AO17: =+Production!AR17*$AO$2 -> 0 | AP17: =+Production!AS17*$AP$2 -> 0 | AQ17: =+Production!AT17*$AQ$2 -> 0 | AR17: =+Production!AU17*$AR$2 -> 0 | AS17: =+Production!AV17*$AS$2 -> 0 | AT17: =+Production!AW17*$AT$2 -> 0 | AU17: =+Production!AX17*$AU$2 -> 0 | AV17: =+Production!AY17*$AV$2 -> 0 | AW17: =+Production!AZ17*$AW$2 -> 0 | AX17: =+Production!BA17*$AX$2 -> 0 | AY17: =+Production!BB17*$AY$2 -> 0 | BP17: =+P17+AT17 -> 0 | BQ17: =+Q17+AU17 -> 0 | BR17: =R17+AV17 -> 0 | BS17: =S17+AW17 -> 0 | BT17: =T17+AX17 -> 0 | BU17: =U17+AY17 -> 0 | CK17: =+BA17 -> 0 | CL17: =+BB17 -> 0
A18: 2026/03 | B18: =SUM(D18:BJ18) -> 6754.8 | D18: =+Production!D18*Injection!$D$2 -> 0 | E18: =+Production!E18*Injection!$E$2 -> 0 | F18: =+Production!F18*Injection!$F$2 -> 1950 | G18: =+Production!G18*Injection!$G$2 -> 1170 | H18: =+Production!H18*Injection!$H$2 -> 1950 | I18: =+Production!I18*Injection!$I$2 -> 0 | J18: =+Production!J18*Injection!$J$2 -> 0 | K18: =+Production!K18*Injection!$K$2 -> 187.2 | L18: =+Production!L18*Injection!$L$2 -> 0 | M18: =+Production!M18*Injection!$M$2 -> 0 | N18: =+Production!N18*Injection!$N$2 -> 0 | O18: =+Production!O18*Injection!$O$2 -> 0 | P18: =+Production!P18*Injection!$P$2 -> 187.2 | Q18: =+Production!Q18*Injection!$Q$2 -> 187.2 | R18: =+Production!R18*Injection!$R$2 -> 280.8 | S18: =+Production!S18*Injection!$S$2 -> 280.8 | T18: =+Production!T18*$T$2 -> 280.8 | U18: =+Production!U18*$U$2 -> 280.8 | V18: =+Production!V18*$V$2 -> 0 | W18: =+Production!W18*$W$2 -> 0 | X18: =+Production!X18*$X$2 -> 0 | Y18: =+Production!Y18*$Y$2 -> 0 | Z18: =+Production!Z18*$Z$2 -> 0 | AA18: =+Production!AA18*$AA$2 -> 0 | AB18: =+Production!AB18*$AB$2 -> 0 | AL18: =+Production!AO18*Injection!$AL$2 -> 0 | AM18: =+Production!AP18*Injection!$AM$2 -> 0 | AN18: =+Production!AQ18*$AN$2 -> 0 | AO18: =+Production!AR18*$AO$2 -> 0 | AP18: =+Production!AS18*$AP$2 -> 0 | AQ18: =+Production!AT18*$AQ$2 -> 0 | AR18: =+Production!AU18*$AR$2 -> 0 | AS18: =+Production!AV18*$AS$2 -> 0 | AT18: =+Production!AW18*$AT$2 -> 0 | AU18: =+Production!AX18*$AU$2 -> 0 | AV18: =+Production!AY18*$AV$2 -> 0 | AW18: =+Production!AZ18*$AW$2 -> 0 | AX18: =+Production!BA18*$AX$2 -> 0 | AY18: =+Production!BB18*$AY$2 -> 0 | BP18: =+P18+AT18 -> 187.2 | BQ18: =+Q18+AU18 -> 187.2 | BR18: =R18+AV18 -> 280.8 | BS18: =S18+AW18 -> 280.8 | BT18: =T18+AX18 -> 280.8 | BU18: =U18+AY18 -> 280.8 | CK18: =+BA18 -> 0 | CL18: =+BB18 -> 0
A19: 2026/04 | B19: =SUM(D19:BJ19) -> 5428.8 | D19: =+Production!D19*Injection!$D$2 -> 0 | E19: =+Production!E19*Injection!$E$2 -> 0 | F19: =+Production!F19*Injection!$F$2 -> 1248 | G19: =+Production!G19*Injection!$G$2 -> 748.8 | H19: =+Production!H19*Injection!$H$2 -> 1248 | I19: =+Production!I19*Injection!$I$2 -> 0 | J19: =+Production!J19*Injection!$J$2 -> 0 | K19: =+Production!K19*Injection!$K$2 -> 624 | L19: =+Production!L19*Injection!$L$2 -> 0 | M19: =+Production!M19*Injection!$M$2 -> 0 | N19: =+Production!N19*Injection!$N$2 -> 0 | O19: =+Production!O19*Injection!$O$2 -> 0 | P19: =+Production!P19*Injection!$P$2 -> 218.4 | Q19: =+Production!Q19*Injection!$Q$2 -> 218.4 | R19: =+Production!R19*Injection!$R$2 -> 280.8 | S19: =+Production!S19*Injection!$S$2 -> 280.8 | T19: =+Production!T19*$T$2 -> 280.8 | U19: =+Production!U19*$U$2 -> 280.8 | V19: =+Production!V19*$V$2 -> 0 | W19: =+Production!W19*$W$2 -> 0 | X19: =+Production!X19*$X$2 -> 0 | Y19: =+Production!Y19*$Y$2 -> 0 | Z19: =+Production!Z19*$Z$2 -> 0 | AA19: =+Production!AA19*$AA$2 -> 0 | AB19: =+Production!AB19*$AB$2 -> 0 | AL19: =+Production!AO19*Injection!$AL$2 -> 0 | AM19: =+Production!AP19*Injection!$AM$2 -> 0 | AN19: =+Production!AQ19*$AN$2 -> 0 | AO19: =+Production!AR19*$AO$2 -> 0 | AP19: =+Production!AS19*$AP$2 -> 0 | AQ19: =+Production!AT19*$AQ$2 -> 0 | AR19: =+Production!AU19*$AR$2 -> 0 | AS19: =+Production!AV19*$AS$2 -> 0 | AT19: =+Production!AW19*$AT$2 -> 0 | AU19: =+Production!AX19*$AU$2 -> 0 | AV19: =+Production!AY19*$AV$2 -> 0 | AW19: =+Production!AZ19*$AW$2 -> 0 | AX19: =+Production!BA19*$AX$2 -> 0 | AY19: =+Production!BB19*$AY$2 -> 0 | BP19: =+P19+AT19 -> 218.4 | BQ19: =+Q19+AU19 -> 218.4 | BR19: =R19+AV19 -> 280.8 | BS19: =S19+AW19 -> 280.8 | BT19: =T19+AX19 -> 280.8 | BU19: =U19+AY19 -> 280.8 | CK19: =+BA19 -> 0 | CL19: =+BB19 -> 0
A20: 2026/05 | B20: =SUM(D20:BJ20) -> 13115.6 | D20: =+Production!D20*Injection!$D$2 -> 0 | E20: =+Production!E20*Injection!$E$2 -> 0 | F20: =+Production!F20*Injection!$F$2 -> 2730 | G20: =+Production!G20*Injection!$G$2 -> 1638 | H20: =+Production!H20*Injection!$H$2 -> 2730 | I20: =+Production!I20*Injection!$I$2 -> 0 | J20: =+Production!J20*Injection!$J$2 -> 0 | K20: =+Production!K20*Injection!$K$2 -> 873.6 | L20: =+Production!L20*Injection!$L$2 -> 0 | M20: =+Production!M20*Injection!$M$2 -> 0 | N20: =+Production!N20*Injection!$N$2 -> 0 | O20: =+Production!O20*Injection!$O$2 -> 0 | P20: =+Production!P20*Injection!$P$2 -> 156 | Q20: =+Production!Q20*Injection!$Q$2 -> 156 | R20: =+Production!R20*Injection!$R$2 -> 468 | S20: =+Production!S20*Injection!$S$2 -> 468 | T20: =+Production!T20*$T$2 -> 468 | U20: =+Production!U20*$U$2 -> 468 | V20: =+Production!V20*$V$2 -> 0 | W20: =+Production!W20*$W$2 -> 0 | X20: =+Production!X20*$X$2 -> 0 | Y20: =+Production!Y20*$Y$2 -> 0 | Z20: =+Production!Z20*$Z$2 -> 0 | AA20: =+Production!AA20*$AA$2 -> 0 | AB20: =+Production!AB20*$AB$2 -> 0 | AL20: =+Production!AO20*Injection!$AL$2 -> 0 | AM20: =+Production!AP20*Injection!$AM$2 -> 0 | AN20: =+Production!AQ20*$AN$2 -> 0 | AO20: =+Production!AR20*$AO$2 -> 0 | AP20: =+Production!AS20*$AP$2 -> 1296 | AQ20: =+Production!AT20*$AQ$2 -> 1664 | AR20: =+Production!AU20*$AR$2 -> 0 | AS20: =+Production!AV20*$AS$2 -> 0 | AT20: =+Production!AW20*$AT$2 -> 0 | AU20: =+Production!AX20*$AU$2 -> 0 | AV20: =+Production!AY20*$AV$2 -> 0 | AW20: =+Production!AZ20*$AW$2 -> 0 | AX20: =+Production!BA20*$AX$2 -> 0 | AY20: =+Production!BB20*$AY$2 -> 0 | BP20: =+P20+AT20 -> 156 | BQ20: =+Q20+AU20 -> 156 | BR20: =R20+AV20 -> 468 | BS20: =S20+AW20 -> 468 | BT20: =T20+AX20 -> 468 | BU20: =U20+AY20 -> 468 | CK20: =+BA20 -> 0 | CL20: =+BB20 -> 0
... A45: 2026/30 | B45: =SUM(D45:BJ45) -> 26044.4 | D45: =+Production!D45*Injection!$D$2 -> 4368 | E45: =+Production!E45*Injection!$E$2 -> 4633.2 | F45: =+Production!F45*Injection!$F$2 -> 1326 | G45: =+Production!G45*Injection!$G$2 -> 795.6 | H45: =+Production!H45*Injection!$H$2 -> 1326 | I45: =+Production!I45*Injection!$I$2 -> 0 | J45: =+Production!J45*Injection!$J$2 -> 0 | K45: =+Production!K45*Injection!$K$2 -> 811.2 | L45: =+Production!L45*Injection!$L$2 -> 842.4 | M45: =+Production!M45*Injection!$M$2 -> 702 | N45: =+Production!N45*Injection!$N$2 -> 468 | O45: =+Production!O45*Injection!$O$2 -> 312 | P45: =+Production!P45*Injection!$P$2 -> 0 | Q45: =+Production!Q45*Injection!$Q$2 -> 0 | R45: =+Production!R45*Injection!$R$2 -> 0 | S45: =+Production!S45*Injection!$S$2 -> 0 | T45: =+Production!T45*$T$2 -> 0 | U45: =+Production!U45*$U$2 -> 0 | V45: =+Production!V45*$V$2 -> 1029.6 | W45: =+Production!W45*$W$2 -> 764.4 | X45: =+Production!X45*$X$2 -> 764.4 | Y45: =+Production!Y45*$Y$2 -> 327.6 | Z45: =+Production!Z45*$Z$2 -> 327.6 | AA45: =+Production!AA45*$AA$2 -> 655.2 | AB45: =+Production!AB45*$AB$2 -> 655.2 | AL45: =+Production!AO45*Injection!$AL$2 -> 0 | AM45: =+Production!AP45*Injection!$AM$2 -> 0 | AN45: =+Production!AQ45*$AN$2 -> 0 | AO45: =+Production!AR45*$AO$2 -> 0 | AP45: =+Production!AS45*$AP$2 -> 3024 | AQ45: =+Production!AT45*$AQ$2 -> 2912 | AR45: =+Production!AU45*$AR$2 -> 0 | AS45: =+Production!AV45*$AS$2 -> 0 | AT45: =+Production!AW45*$AT$2 -> 0 | AU45: =+Production!AX45*$AU$2 -> 0 | AV45: =+Production!AY45*$AV$2 -> 0 | AW45: =+Production!AZ45*$AW$2 -> 0 | AX45: =+Production!BA45*$AX$2 -> 0 | AY45: =+Production!BB45*$AY$2 -> 0 | BP45: =+P45+AT45 -> 0 | BQ45: =+Q45+AU45 -> 0 | BR45: =R45+AV45 -> 0 | BS45: =S45+AW45 -> 0 | BT45: =T45+AX45 -> 0 | BU45: =U45+AY45 -> 0 | CK45: =+BA45 -> 0 | CL45: =+BB45 -> 0
A46: 2026/31 | B46: =SUM(D46:BJ46) -> 18718.8 | C46: =B46 -> 18718.8 | D46: =+Production!D46*Injection!$D$2 -> 249.6 | E46: =+Production!E46*Injection!$E$2 -> 280.8 | F46: =+Production!F46*Injection!$F$2 -> 0 | G46: =+Production!G46*Injection!$G$2 -> 0 | H46: =+Production!H46*Injection!$H$2 -> 0 | I46: =+Production!I46*Injection!$I$2 -> 0 | J46: =+Production!J46*Injection!$J$2 -> 0 | K46: =+Production!K46*Injection!$K$2 -> 62.4 | L46: =+Production!L46*Injection!$L$2 -> 0 | M46: =+Production!M46*Injection!$M$2 -> 0 | N46: =+Production!N46*Injection!$N$2 -> 0 | O46: =+Production!O46*Injection!$O$2 -> 0 | P46: =+Production!P46*Injection!$P$2 -> 0 | Q46: =+Production!Q46*Injection!$Q$2 -> 0 | R46: =+Production!R46*Injection!$R$2 -> 936 | S46: =+Production!S46*Injection!$S$2 -> 936 | T46: =+Production!T46*$T$2 -> 936 | U46: =+Production!U46*$U$2 -> 936 | V46: =+Production!V46*$V$2 -> 702 | W46: =+Production!W46*$W$2 -> 0 | X46: =+Production!X46*$X$2 -> 0 | Y46: =+Production!Y46*$Y$2 -> 0 | Z46: =+Production!Z46*$Z$2 -> 0 | AA46: =+Production!AA46*$AA$2 -> 0 | AB46: =+Production!AB46*$AB$2 -> 0 | AL46: =+Production!AO46*Injection!$AL$2 -> 0 | AM46: =+Production!AP46*Injection!$AM$2 -> 0 | AN46: =+Production!AQ46*$AN$2 -> 0 | AO46: =+Production!AR46*$AO$2 -> 0 | AP46: =+Production!AS46*$AP$2 -> 3024 | AQ46: =+Production!AT46*$AQ$2 -> 2496 | AR46: =+Production!AU46*$AR$2 -> 0 | AS46: =+Production!AV46*$AS$2 -> 2736 | AT46: =+Production!AW46*$AT$2 -> 0 | AU46: =+Production!AX46*$AU$2 -> 0 | AV46: =+Production!AY46*$AV$2 -> 1200 | AW46: =+Production!AZ46*$AW$2 -> 1512 | AX46: =+Production!BA46*$AX$2 -> 1200 | AY46: =+Production!BB46*$AY$2 -> 1512 | BP46: =+P46+AT46 -> 0 | BQ46: =+Q46+AU46 -> 0 | BR46: =R46+AV46 -> 2136 | BS46: =S46+AW46 -> 2448 | BT46: =T46+AX46 -> 2136 | BU46: =U46+AY46 -> 2448 | CK46: =+BA46 -> 0 | CL46: =+BB46 -> 0
A47: 2026/32 | B47: =SUM(D47:BJ47) -> 35768.4 | C47: =B47 -> 35768.4 | D47: =+Production!D47*Injection!$D$2 -> 7737.6 | E47: =+Production!E47*Injection!$E$2 -> 8424 | F47: =+Production!F47*Injection!$F$2 -> 1716 | G47: =+Production!G47*Injection!$G$2 -> 795.6 | H47: =+Production!H47*Injection!$H$2 -> 1326 | I47: =+Production!I47*Injection!$I$2 -> 0 | J47: =+Production!J47*Injection!$J$2 -> 0 | K47: =+Production!K47*Injection!$K$2 -> 1435.2 | L47: =+Production!L47*Injection!$L$2 -> 2059.2 | M47: =+Production!M47*Injection!$M$2 -> 1716 | N47: =+Production!N47*Injection!$N$2 -> 187.2 | O47: =+Production!O47*Injection!$O$2 -> 124.8 | P47: =+Production!P47*Injection!$P$2 -> 0 | Q47: =+Production!Q47*Injection!$Q$2 -> 0 | R47: =+Production!R47*Injection!$R$2 -> 468 | S47: =+Production!S47*Injection!$S$2 -> 468 | T47: =+Production!T47*$T$2 -> 468 | U47: =+Production!U47*$U$2 -> 468 | V47: =+Production!V47*$V$2 -> 2854.8 | W47: =+Production!W47*$W$2 -> 0 | X47: =+Production!X47*$X$2 -> 0 | Y47: =+Production!Y47*$Y$2 -> 0 | Z47: =+Production!Z47*$Z$2 -> 0 | AA47: =+Production!AA47*$AA$2 -> 0 | AB47: =+Production!AB47*$AB$2 -> 0 | AL47: =+Production!AO47*Injection!$AL$2 -> 0 | AM47: =+Production!AP47*Injection!$AM$2 -> 0 | AN47: =+Production!AQ47*$AN$2 -> 0 | AO47: =+Production!AR47*$AO$2 -> 0 | AP47: =+Production!AS47*$AP$2 -> 3024 | AQ47: =+Production!AT47*$AQ$2 -> 2496 | AR47: =+Production!AU47*$AR$2 -> 0 | AS47: =+Production!AV47*$AS$2 -> 0 | AT47: =+Production!AW47*$AT$2 -> 0 | AU47: =+Production!AX47*$AU$2 -> 0 | AV47: =+Production!AY47*$AV$2 -> 0 | AW47: =+Production!AZ47*$AW$2 -> 0 | AX47: =+Production!BA47*$AX$2 -> 0 | AY47: =+Production!BB47*$AY$2 -> 0 | BP47: =+P47+AT47 -> 0 | BQ47: =+Q47+AU47 -> 0 | BR47: =R47+AV47 -> 468 | BS47: =S47+AW47 -> 468 | BT47: =T47+AX47 -> 468 | BU47: =U47+AY47 -> 468 | CK47: =+BA47 -> 0 | CL47: =+BB47 -> 0
A48: 2026/33 | B48: =SUM(D48:BJ48) -> 34701.6 | C48: =B48 -> 34701.6 | D48: =+Production!D48*Injection!$D$2 -> 1622.4 | E48: =+Production!E48*Injection!$E$2 -> 1825.2 | F48: =+Production!F48*Injection!$F$2 -> 1716 | G48: =+Production!G48*Injection!$G$2 -> 1310.4 | H48: =+Production!H48*Injection!$H$2 -> 2106 | I48: =+Production!I48*Injection!$I$2 -> 0 | J48: =+Production!J48*Injection!$J$2 -> 0 | K48: =+Production!K48*Injection!$K$2 -> 811.2 | L48: =+Production!L48*Injection!$L$2 -> 0 | M48: =+Production!M48*Injection!$M$2 -> 0 | N48: =+Production!N48*Injection!$N$2 -> 748.8 | O48: =+Production!O48*Injection!$O$2 -> 499.2 | P48: =+Production!P48*Injection!$P$2 -> 0 | Q48: =+Production!Q48*Injection!$Q$2 -> 0 | R48: =+Production!R48*Injection!$R$2 -> 1029.6 | S48: =+Production!S48*Injection!$S$2 -> 1029.6 | T48: =+Production!T48*$T$2 -> 1029.6 | U48: =+Production!U48*$U$2 -> 1029.6 | V48: =+Production!V48*$V$2 -> 1778.4 | W48: =+Production!W48*$W$2 -> 2511.6 | X48: =+Production!X48*$X$2 -> 2074.8 | Y48: =+Production!Y48*$Y$2 -> 889.2 | Z48: =+Production!Z48*$Z$2 -> 889.2 | AA48: =+Production!AA48*$AA$2 -> 2152.8 | AB48: =+Production!AB48*$AB$2 -> 1872 | AL48: =+Production!AO48*Injection!$AL$2 -> 0 | AM48: =+Production!AP48*Injection!$AM$2 -> 0 | AN48: =+Production!AQ48*$AN$2 -> 0 | AO48: =+Production!AR48*$AO$2 -> 0 | AP48: =+Production!AS48*$AP$2 -> 3024 | AQ48: =+Production!AT48*$AQ$2 -> 2496 | AR48: =+Production!AU48*$AR$2 -> 0 | AS48: =+Production!AV48*$AS$2 -> 0 | AT48: =+Production!AW48*$AT$2 -> 0 | AU48: =+Production!AX48*$AU$2 -> 0 | AV48: =+Production!AY48*$AV$2 -> 480 | AW48: =+Production!AZ48*$AW$2 -> 648 | AX48: =+Production!BA48*$AX$2 -> 480 | AY48: =+Production!BB48*$AY$2 -> 648 | BP48: =+P48+AT48 -> 0 | BQ48: =+Q48+AU48 -> 0 | BR48: =R48+AV48 -> 1509.6 | BS48: =S48+AW48 -> 1677.6 | BT48: =T48+AX48 -> 1509.6 | BU48: =U48+AY48 -> 1677.6 | CK48: =+BA48 -> 0 | CL48: =+BB48 -> 0
A49: 2026/34 | B49: =SUM(D49:BJ49) -> 18980.8 | C49: =B49 -> 18980.8 | D49: =+Production!D49*Injection!$D$2 -> 0 | E49: =+Production!E49*Injection!$E$2 -> 0 | F49: =+Production!F49*Injection!$F$2 -> 0 | G49: =+Production!G49*Injection!$G$2 -> 0 | H49: =+Production!H49*Injection!$H$2 -> 0 | I49: =+Production!I49*Injection!$I$2 -> 0 | J49: =+Production!J49*Injection!$J$2 -> 0 | K49: =+Production!K49*Injection!$K$2 -> 0 | L49: =+Production!L49*Injection!$L$2 -> 1591.2 | M49: =+Production!M49*Injection!$M$2 -> 1326 | N49: =+Production!N49*Injection!$N$2 -> 0 | O49: =+Production!O49*Injection!$O$2 -> 0 | P49: =+Production!P49*Injection!$P$2 -> 312 | Q49: =+Production!Q49*Injection!$Q$2 -> 312 | R49: =+Production!R49*Injection!$R$2 -> 0 | S49: =+Production!S49*Injection!$S$2 -> 0 | T49: =+Production!T49*$T$2 -> 0 | U49: =+Production!U49*$U$2 -> 0 | V49: =+Production!V49*$V$2 -> 0 | W49: =+Production!W49*$W$2 -> 1528.8 | X49: =+Production!X49*$X$2 -> 1528.8 | Y49: =+Production!Y49*$Y$2 -> 655.2 | Z49: =+Production!Z49*$Z$2 -> 655.2 | AA49: =+Production!AA49*$AA$2 -> 1216.8 | AB49: =+Production!AB49*$AB$2 -> 1216.8 | AL49: =+Production!AO49*Injection!$AL$2 -> 0 | AM49: =+Production!AP49*Injection!$AM$2 -> 0 | AN49: =+Production!AQ49*$AN$2 -> 0 | AO49: =+Production!AR49*$AO$2 -> 0 | AP49: =+Production!AS49*$AP$2 -> 3024 | AQ49: =+Production!AT49*$AQ$2 -> 2496 | AR49: =+Production!AU49*$AR$2 -> 0 | AS49: =+Production!AV49*$AS$2 -> 0 | AT49: =+Production!AW49*$AT$2 -> 432 | AU49: =+Production!AX49*$AU$2 -> 430 | AV49: =+Production!AY49*$AV$2 -> 480 | AW49: =+Production!AZ49*$AW$2 -> 648 | AX49: =+Production!BA49*$AX$2 -> 480 | AY49: =+Production!BB49*$AY$2 -> 648 | BP49: =+P49+AT49 -> 744 | BQ49: =+Q49+AU49 -> 742 | BR49: =R49+AV49 -> 480 | BS49: =S49+AW49 -> 648 | BT49: =T49+AX49 -> 480 | BU49: =U49+AY49 -> 648 | CK49: =+BA49 -> 0 | CL49: =+BB49 -> 0
A50: 2026/35 | B50: =SUM(D50:BJ50) -> 23548.4 | C50: =B50 -> 23548.4 | D50: =+Production!D50*Injection!$D$2 -> 0 | E50: =+Production!E50*Injection!$E$2 -> 0 | F50: =+Production!F50*Injection!$F$2 -> 1794 | G50: =+Production!G50*Injection!$G$2 -> 1076.4 | H50: =+Production!H50*Injection!$H$2 -> 1794 | I50: =+Production!I50*Injection!$I$2 -> 0 | J50: =+Production!J50*Injection!$J$2 -> 0 | K50: =+Production!K50*Injection!$K$2 -> 998.4 | L50: =+Production!L50*Injection!$L$2 -> 0 | M50: =+Production!M50*Injection!$M$2 -> 0 | N50: =+Production!N50*Injection!$N$2 -> 0 | O50: =+Production!O50*Injection!$O$2 -> 0 | P50: =+Production!P50*Injection!$P$2 -> 0 | Q50: =+Production!Q50*Injection!$Q$2 -> 0 | R50: =+Production!R50*Injection!$R$2 -> 655.2 | S50: =+Production!S50*Injection!$S$2 -> 748.8 | T50: =+Production!T50*$T$2 -> 748.8 | U50: =+Production!U50*$U$2 -> 748.8 | V50: =+Production!V50*$V$2 -> 2761.2 | W50: =+Production!W50*$W$2 -> 2184 | X50: =+Production!X50*$X$2 -> 873.6 | Y50: =+Production!Y50*$Y$2 -> 374.4 | Z50: =+Production!Z50*$Z$2 -> 327.6 | AA50: =+Production!AA50*$AA$2 -> 1778.4 | AB50: =+Production!AB50*$AB$2 -> 748.8 | AL50: =+Production!AO50*Injection!$AL$2 -> 0 | AM50: =+Production!AP50*Injection!$AM$2 -> 0 | AN50: =+Production!AQ50*$AN$2 -> 0 | AO50: =+Production!AR50*$AO$2 -> 0 | AP50: =+Production!AS50*$AP$2 -> 3024 | AQ50: =+Production!AT50*$AQ$2 -> 2912 | AR50: =+Production!AU50*$AR$2 -> 0 | AS50: =+Production!AV50*$AS$2 -> 0 | AT50: =+Production!AW50*$AT$2 -> 0 | AU50: =+Production!AX50*$AU$2 -> 0 | AV50: =+Production!AY50*$AV$2 -> 0 | AW50: =+Production!AZ50*$AW$2 -> 0 | AX50: =+Production!BA50*$AX$2 -> 0 | AY50: =+Production!BB50*$AY$2 -> 0 | BP50: =+P50+AT50 -> 0 | BQ50: =+Q50+AU50 -> 0 | BR50: =R50+AV50 -> 655.2 | BS50: =S50+AW50 -> 748.8 | BT50: =T50+AX50 -> 748.8 | BU50: =U50+AY50 -> 748.8 | CK50: =+BA50 -> 0 | CL50: =+BB50 -> 0
A51: 2026/36 | B51: =SUM(D51:BJ51) -> 15576.8 | C51: =B51 -> 15576.8 | D51: =+Production!D51*Injection!$D$2 -> 0 | E51: =+Production!E51*Injection!$E$2 -> 0 | F51: =+Production!F51*Injection!$F$2 -> 858 | G51: =+Production!G51*Injection!$G$2 -> 514.8 | H51: =+Production!H51*Injection!$H$2 -> 858 | I51: =+Production!I51*Injection!$I$2 -> 0 | J51: =+Production!J51*Injection!$J$2 -> 0 | K51: =+Production!K51*Injection!$K$2 -> 499.2 | L51: =+Production!L51*Injection!$L$2 -> 1497.6 | M51: =+Production!M51*Injection!$M$2 -> 1248 | N51: =+Production!N51*Injection!$N$2 -> 0 | O51: =+Production!O51*Injection!$O$2 -> 0 | P51: =+Production!P51*Injection!$P$2 -> 187.2 | Q51: =+Production!Q51*Injection!$Q$2 -> 187.2 | R51: =+Production!R51*Injection!$R$2 -> 842.4 | S51: =+Production!S51*Injection!$S$2 -> 748.8 | T51: =+Production!T51*$T$2 -> 748.8 | U51: =+Production!U51*$U$2 -> 748.8 | V51: =+Production!V51*$V$2 -> 702 | W51: =+Production!W51*$W$2 -> 0 | X51: =+Production!X51*$X$2 -> 0 | Y51: =+Production!Y51*$Y$2 -> 0 | Z51: =+Production!Z51*$Z$2 -> 0 | AA51: =+Production!AA51*$AA$2 -> 0 | AB51: =+Production!AB51*$AB$2 -> 0 | AL51: =+Production!AO51*Injection!$AL$2 -> 0 | AM51: =+Production!AP51*Injection!$AM$2 -> 0 | AN51: =+Production!AQ51*$AN$2 -> 0 | AO51: =+Production!AR51*$AO$2 -> 0 | AP51: =+Production!AS51*$AP$2 -> 3024 | AQ51: =+Production!AT51*$AQ$2 -> 2912 | AR51: =+Production!AU51*$AR$2 -> 0 | AS51: =+Production!AV51*$AS$2 -> 0 | AT51: =+Production!AW51*$AT$2 -> 0 | AU51: =+Production!AX51*$AU$2 -> 0 | AV51: =+Production!AY51*$AV$2 -> 0 | AW51: =+Production!AZ51*$AW$2 -> 0 | AX51: =+Production!BA51*$AX$2 -> 0 | AY51: =+Production!BB51*$AY$2 -> 0 | BP51: =+P51+AT51 -> 187.2 | BQ51: =+Q51+AU51 -> 187.2 | BR51: =R51+AV51 -> 842.4 | BS51: =S51+AW51 -> 748.8 | BT51: =T51+AX51 -> 748.8 | BU51: =U51+AY51 -> 748.8 | CK51: =+BA51 -> 0 | CL51: =+BB51 -> 0
A52: 2026/37 | B52: =SUM(D52:BJ52) -> 14722 | C52: =B52 -> 14722 | D52: =+Production!D52*Injection!$D$2 -> 0 | E52: =+Production!E52*Injection!$E$2 -> 0 | F52: =+Production!F52*Injection!$F$2 -> 312 | G52: =+Production!G52*Injection!$G$2 -> 280.8 | H52: =+Production!H52*Injection!$H$2 -> 468 | I52: =+Production!I52*Injection!$I$2 -> 0 | J52: =+Production!J52*Injection!$J$2 -> 0 | K52: =+Production!K52*Injection!$K$2 -> 499.2 | L52: =+Production!L52*Injection!$L$2 -> 187.2 | M52: =+Production!M52*Injection!$M$2 -> 156 | N52: =+Production!N52*Injection!$N$2 -> 0 | O52: =+Production!O52*Injection!$O$2 -> 0 | P52: =+Production!P52*Injection!$P$2 -> 0 | Q52: =+Production!Q52*Injection!$Q$2 -> 0 | R52: =+Production!R52*Injection!$R$2 -> 93.6 | S52: =+Production!S52*Injection!$S$2 -> 93.6 | T52: =+Production!T52*$T$2 -> 93.6 | U52: =+Production!U52*$U$2 -> 93.6 | V52: =+Production!V52*$V$2 -> 2293.2 | W52: =+Production!W52*$W$2 -> 327.6 | X52: =+Production!X52*$X$2 -> 327.6 | Y52: =+Production!Y52*$Y$2 -> 0 | Z52: =+Production!Z52*$Z$2 -> 0 | AA52: =+Production!AA52*$AA$2 -> 0 | AB52: =+Production!AB52*$AB$2 -> 0 | AL52: =+Production!AO52*Injection!$AL$2 -> 0 | AM52: =+Production!AP52*Injection!$AM$2 -> 0 | AN52: =+Production!AQ52*$AN$2 -> 0 | AO52: =+Production!AR52*$AO$2 -> 0 | AP52: =+Production!AS52*$AP$2 -> 1728 | AQ52: =+Production!AT52*$AQ$2 -> 2912 | AR52: =+Production!AU52*$AR$2 -> 0 | AS52: =+Production!AV52*$AS$2 -> 0 | AT52: =+Production!AW52*$AT$2 -> 432 | AU52: =+Production!AX52*$AU$2 -> 344 | AV52: =+Production!AY52*$AV$2 -> 960 | AW52: =+Production!AZ52*$AW$2 -> 1080 | AX52: =+Production!BA52*$AX$2 -> 960 | AY52: =+Production!BB52*$AY$2 -> 1080 | BP52: =+P52+AT52 -> 432 | BQ52: =+Q52+AU52 -> 344 | BR52: =R52+AV52 -> 1053.6 | BS52: =S52+AW52 -> 1173.6 | BT52: =T52+AX52 -> 1053.6 | BU52: =U52+AY52 -> 1173.6 | CK52: =+BA52 -> 0 | CL52: =+BB52 -> 0
A53: 2026/38 | B53: =SUM(D53:BJ53) -> 12888.4 | C53: =B53 -> 12888.4 | D53: =+Production!D53*Injection!$D$2 -> 0 | E53: =+Production!E53*Injection!$E$2 -> 0 | F53: =+Production!F53*Injection!$F$2 -> 468 | G53: =+Production!G53*Injection!$G$2 -> 140.4 | H53: =+Production!H53*Injection!$H$2 -> 234 | I53: =+Production!I53*Injection!$I$2 -> 0 | J53: =+Production!J53*Injection!$J$2 -> 0 | K53: =+Production!K53*Injection!$K$2 -> 936 | L53: =+Production!L53*Injection!$L$2 -> 748.8 | M53: =+Production!M53*Injection!$M$2 -> 624 | N53: =+Production!N53*Injection!$N$2 -> 0 | O53: =+Production!O53*Injection!$O$2 -> 0 | P53: =+Production!P53*Injection!$P$2 -> 0 | Q53: =+Production!Q53*Injection!$Q$2 -> 0 | R53: =+Production!R53*Injection!$R$2 -> 280.8 | S53: =+Production!S53*Injection!$S$2 -> 280.8 | T53: =+Production!T53*$T$2 -> 280.8 | U53: =+Production!U53*$U$2 -> 280.8 | V53: =+Production!V53*$V$2 -> 1263.6 | W53: =+Production!W53*$W$2 -> 1092 | X53: =+Production!X53*$X$2 -> 0 | Y53: =+Production!Y53*$Y$2 -> 187.2 | Z53: =+Production!Z53*$Z$2 -> 187.2 | AA53: =+Production!AA53*$AA$2 -> 936 | AB53: =+Production!AB53*$AB$2 -> 0 | AL53: =+Production!AO53*Injection!$AL$2 -> 0 | AM53: =+Production!AP53*Injection!$AM$2 -> 0 | AN53: =+Production!AQ53*$AN$2 -> 0 | AO53: =+Production!AR53*$AO$2 -> 0 | AP53: =+Production!AS53*$AP$2 -> 0 | AQ53: =+Production!AT53*$AQ$2 -> 0 | AR53: =+Production!AU53*$AR$2 -> 0 | AS53: =+Production!AV53*$AS$2 -> 0 | AT53: =+Production!AW53*$AT$2 -> 216 | AU53: =+Production!AX53*$AU$2 -> 172 | AV53: =+Production!AY53*$AV$2 -> 1200 | AW53: =+Production!AZ53*$AW$2 -> 1080 | AX53: =+Production!BA53*$AX$2 -> 1200 | AY53: =+Production!BB53*$AY$2 -> 1080 | BP53: =+P53+AT53 -> 216 | BQ53: =+Q53+AU53 -> 172 | BR53: =R53+AV53 -> 1480.8 | BS53: =S53+AW53 -> 1360.8 | BT53: =T53+AX53 -> 1480.8 | BU53: =U53+AY53 -> 1360.8 | CK53: =+BA53 -> 0 | CL53: =+BB53 -> 0
A54: 2026/39 | B54: =SUM(D54:BJ54) -> 14942.4 | C54: =B54 -> 14942.4 | D54: =+Production!D54*Injection!$D$2 -> 0 | E54: =+Production!E54*Injection!$E$2 -> 0 | F54: =+Production!F54*Injection!$F$2 -> 702 | G54: =+Production!G54*Injection!$G$2 -> 421.2 | H54: =+Production!H54*Injection!$H$2 -> 702 | I54: =+Production!I54*Injection!$I$2 -> 0 | J54: =+Production!J54*Injection!$J$2 -> 0 | K54: =+Production!K54*Injection!$K$2 -> 1310.4 | L54: =+Production!L54*Injection!$L$2 -> 0 | M54: =+Production!M54*Injection!$M$2 -> 0 | N54: =+Production!N54*Injection!$N$2 -> 0 | O54: =+Production!O54*Injection!$O$2 -> 0 | P54: =+Production!P54*Injection!$P$2 -> 218.4 | Q54: =+Production!Q54*Injection!$Q$2 -> 218.4 | R54: =+Production!R54*Injection!$R$2 -> 1404 | S54: =+Production!S54*Injection!$S$2 -> 1404 | T54: =+Production!T54*$T$2 -> 1404 | U54: =+Production!U54*$U$2 -> 1404 | V54: =+Production!V54*$V$2 -> 234 | W54: =+Production!W54*$W$2 -> 0 | X54: =+Production!X54*$X$2 -> 0 | Y54: =+Production!Y54*$Y$2 -> 0 | Z54: =+Production!Z54*$Z$2 -> 0 | AA54: =+Production!AA54*$AA$2 -> 0 | AB54: =+Production!AB54*$AB$2 -> 0 | AL54: =+Production!AO54*Injection!$AL$2 -> 0 | AM54: =+Production!AP54*Injection!$AM$2 -> 0 | AN54: =+Production!AQ54*$AN$2 -> 0 | AO54: =+Production!AR54*$AO$2 -> 0 | AP54: =+Production!AS54*$AP$2 -> 3024 | AQ54: =+Production!AT54*$AQ$2 -> 2496 | AR54: =+Production!AU54*$AR$2 -> 0 | AS54: =+Production!AV54*$AS$2 -> 0 | AT54: =+Production!AW54*$AT$2 -> 0 | AU54: =+Production!AX54*$AU$2 -> 0 | AV54: =+Production!AY54*$AV$2 -> 0 | AW54: =+Production!AZ54*$AW$2 -> 0 | AX54: =+Production!BA54*$AX$2 -> 0 | AY54: =+Production!BB54*$AY$2 -> 0 | BP54: =+P54+AT54 -> 218.4 | BQ54: =+Q54+AU54 -> 218.4 | BR54: =R54+AV54 -> 1404 | BS54: =S54+AW54 -> 1404 | BT54: =T54+AX54 -> 1404 | BU54: =U54+AY54 -> 1404 | CK54: =+BA54 -> 0 | CL54: =+BB54 -> 0
A55: 2026/40 | B55: =SUM(D55:BJ55) -> 15522 | C55: =B55 -> 15522 | D55: =+Production!D55*Injection!$D$2 -> 0 | E55: =+Production!E55*Injection!$E$2 -> 0 | F55: =+Production!F55*Injection!$F$2 -> 780 | G55: =+Production!G55*Injection!$G$2 -> 468 | H55: =+Production!H55*Injection!$H$2 -> 780 | I55: =+Production!I55*Injection!$I$2 -> 0 | J55: =+Production!J55*Injection!$J$2 -> 0 | K55: =+Production!K55*Injection!$K$2 -> 748.8 | L55: =+Production!L55*Injection!$L$2 -> 1404 | M55: =+Production!M55*Injection!$M$2 -> 1248 | N55: =+Production!N55*Injection!$N$2 -> 0 | O55: =+Production!O55*Injection!$O$2 -> 0 | P55: =+Production!P55*Injection!$P$2 -> 62.4 | Q55: =+Production!Q55*Injection!$Q$2 -> 93.6 | R55: =+Production!R55*Injection!$R$2 -> 187.2 | S55: =+Production!S55*Injection!$S$2 -> 187.2 | T55: =+Production!T55*$T$2 -> 187.2 | U55: =+Production!U55*$U$2 -> 187.2 | V55: =+Production!V55*$V$2 -> 2995.2 | W55: =+Production!W55*$W$2 -> 2293.2 | X55: =+Production!X55*$X$2 -> 436.8 | Y55: =+Production!Y55*$Y$2 -> 421.2 | Z55: =+Production!Z55*$Z$2 -> 421.2 | AA55: =+Production!AA55*$AA$2 -> 2246.4 | AB55: =+Production!AB55*$AB$2 -> 374.4 | AL55: =+Production!AO55*Injection!$AL$2 -> 0 | AM55: =+Production!AP55*Injection!$AM$2 -> 0 | AN55: =+Production!AQ55*$AN$2 -> 0 | AO55: =+Production!AR55*$AO$2 -> 0 | AP55: =+Production!AS55*$AP$2 -> 0 | AQ55: =+Production!AT55*$AQ$2 -> 0 | AR55: =+Production!AU55*$AR$2 -> 0 | AS55: =+Production!AV55*$AS$2 -> 0 | AT55: =+Production!AW55*$AT$2 -> 0 | AU55: =+Production!AX55*$AU$2 -> 0 | AV55: =+Production!AY55*$AV$2 -> 0 | AW55: =+Production!AZ55*$AW$2 -> 0 | AX55: =+Production!BA55*$AX$2 -> 0 | AY55: =+Production!BB55*$AY$2 -> 0 | BP55: =+P55+AT55 -> 62.4 | BQ55: =+Q55+AU55 -> 93.6 | BR55: =R55+AV55 -> 187.2 | BS55: =S55+AW55 -> 187.2 | BT55: =T55+AX55 -> 187.2 | BU55: =U55+AY55 -> 187.2 | CK55: =+BA55 -> 0 | CL55: =+BB55 -> 0
A56: 2026/41 | B56: =SUM(D56:BJ56) -> 21533.2 | C56: =B56 -> 21533.2 | D56: =+Production!D56*Injection!$D$2 -> 0 | E56: =+Production!E56*Injection!$E$2 -> 0 | F56: =+Production!F56*Injection!$F$2 -> 234 | G56: =+Production!G56*Injection!$G$2 -> 140.4 | H56: =+Production!H56*Injection!$H$2 -> 234 | I56: =+Production!I56*Injection!$I$2 -> 0 | J56: =+Production!J56*Injection!$J$2 -> 0 | K56: =+Production!K56*Injection!$K$2 -> 686.4 | L56: =+Production!L56*Injection!$L$2 -> 0 | M56: =+Production!M56*Injection!$M$2 -> 0 | N56: =+Production!N56*Injection!$N$2 -> 0 | O56: =+Production!O56*Injection!$O$2 -> 0 | P56: =+Production!P56*Injection!$P$2 -> 0 | Q56: =+Production!Q56*Injection!$Q$2 -> 0 | R56: =+Production!R56*Injection!$R$2 -> 0 | S56: =+Production!S56*Injection!$S$2 -> 0 | T56: =+Production!T56*$T$2 -> 0 | U56: =+Production!U56*$U$2 -> 0 | V56: =+Production!V56*$V$2 -> 1544.4 | W56: =+Production!W56*$W$2 -> 764.4 | X56: =+Production!X56*$X$2 -> 764.4 | Y56: =+Production!Y56*$Y$2 -> 327.6 | Z56: =+Production!Z56*$Z$2 -> 327.6 | AA56: =+Production!AA56*$AA$2 -> 0 | AB56: =+Production!AB56*$AB$2 -> 0 | AL56: =+Production!AO56*Injection!$AL$2 -> 0 | AM56: =+Production!AP56*Injection!$AM$2 -> 0 | AN56: =+Production!AQ56*$AN$2 -> 0 | AO56: =+Production!AR56*$AO$2 -> 0 | AP56: =+Production!AS56*$AP$2 -> 6048 | AQ56: =+Production!AT56*$AQ$2 -> 4992 | AR56: =+Production!AU56*$AR$2 -> 0 | AS56: =+Production!AV56*$AS$2 -> 0 | AT56: =+Production!AW56*$AT$2 -> 432 | AU56: =+Production!AX56*$AU$2 -> 430 | AV56: =+Production!AY56*$AV$2 -> 1440 | AW56: =+Production!AZ56*$AW$2 -> 864 | AX56: =+Production!BA56*$AX$2 -> 1440 | AY56: =+Production!BB56*$AY$2 -> 864 | BP56: =+P56+AT56 -> 432 | BQ56: =+Q56+AU56 -> 430 | BR56: =R56+AV56 -> 1440 | BS56: =S56+AW56 -> 864 | BT56: =T56+AX56 -> 1440 | BU56: =U56+AY56 -> 864 | CK56: =+BA56 -> 0 | CL56: =+BB56 -> 0
A57: 2026/42 | B57: =SUM(D57:BJ57) -> 8144.8 | C57: =B57 -> 8144.8 | D57: =+Production!D57*Injection!$D$2 -> 0 | E57: =+Production!E57*Injection!$E$2 -> 0 | F57: =+Production!F57*Injection!$F$2 -> 0 | G57: =+Production!G57*Injection!$G$2 -> 0 | H57: =+Production!H57*Injection!$H$2 -> 0 | I57: =+Production!I57*Injection!$I$2 -> 0 | J57: =+Production!J57*Injection!$J$2 -> 0 | K57: =+Production!K57*Injection!$K$2 -> 0 | L57: =+Production!L57*Injection!$L$2 -> 187.2 | M57: =+Production!M57*Injection!$M$2 -> 78 | N57: =+Production!N57*Injection!$N$2 -> 0 | O57: =+Production!O57*Injection!$O$2 -> 0 | P57: =+Production!P57*Injection!$P$2 -> 0 | Q57: =+Production!Q57*Injection!$Q$2 -> 0 | R57: =+Production!R57*Injection!$R$2 -> 0 | S57: =+Production!S57*Injection!$S$2 -> 0 | T57: =+Production!T57*$T$2 -> 0 | U57: =+Production!U57*$U$2 -> 0 | V57: =+Production!V57*$V$2 -> 1497.6 | W57: =+Production!W57*$W$2 -> 0 | X57: =+Production!X57*$X$2 -> 0 | Y57: =+Production!Y57*$Y$2 -> 0 | Z57: =+Production!Z57*$Z$2 -> 0 | AA57: =+Production!AA57*$AA$2 -> 0 | AB57: =+Production!AB57*$AB$2 -> 0 | AL57: =+Production!AO57*Injection!$AL$2 -> 0 | AM57: =+Production!AP57*Injection!$AM$2 -> 0 | AN57: =+Production!AQ57*$AN$2 -> 0 | AO57: =+Production!AR57*$AO$2 -> 0 | AP57: =+Production!AS57*$AP$2 -> 3024 | AQ57: =+Production!AT57*$AQ$2 -> 2496 | AR57: =+Production!AU57*$AR$2 -> 0 | AS57: =+Production!AV57*$AS$2 -> 0 | AT57: =+Production!AW57*$AT$2 -> 432 | AU57: =+Production!AX57*$AU$2 -> 430 | AV57: =+Production!AY57*$AV$2 -> 0 | AW57: =+Production!AZ57*$AW$2 -> 0 | AX57: =+Production!BA57*$AX$2 -> 0 | AY57: =+Production!BB57*$AY$2 -> 0 | BP57: =+P57+AT57 -> 432 | BQ57: =+Q57+AU57 -> 430 | BR57: =R57+AV57 -> 0 | BS57: =S57+AW57 -> 0 | BT57: =T57+AX57 -> 0 | BU57: =U57+AY57 -> 0 | CK57: =+BA57 -> 0 | CL57: =+BB57 -> 0
... A63: 2026/48 | B63: =SUM(D63:BJ63) -> 2002.8 | C63: =B63 -> 2002.8 | D63: =+Production!D63*Injection!$D$2 -> 0 | E63: =+Production!E63*Injection!$E$2 -> 0 | F63: =+Production!F63*Injection!$F$2 -> 0 | G63: =+Production!G63*Injection!$G$2 -> 0 | H63: =+Production!H63*Injection!$H$2 -> 0 | I63: =+Production!I63*Injection!$I$2 -> 0 | J63: =+Production!J63*Injection!$J$2 -> 0 | K63: =+Production!K63*Injection!$K$2 -> 873.6 | L63: =+Production!L63*Injection!$L$2 -> 0 | M63: =+Production!M63*Injection!$M$2 -> 0 | N63: =+Production!N63*Injection!$N$2 -> 0 | O63: =+Production!O63*Injection!$O$2 -> 0 | P63: =+Production!P63*Injection!$P$2 -> 343.2 | Q63: =+Production!Q63*Injection!$Q$2 -> 312 | R63: =+Production!R63*Injection!$R$2 -> 0 | S63: =+Production!S63*Injection!$S$2 -> 0 | T63: =+Production!T63*$T$2 -> 0 | U63: =+Production!U63*$U$2 -> 0 | V63: =+Production!V63*$V$2 -> 0 | W63: =+Production!W63*$W$2 -> 0 | X63: =+Production!X63*$X$2 -> 0 | Y63: =+Production!Y63*$Y$2 -> 0 | Z63: =+Production!Z63*$Z$2 -> 0 | AA63: =+Production!AA63*$AA$2 -> 0 | AB63: =+Production!AB63*$AB$2 -> 0 | AL63: =+Production!AO63*Injection!$AL$2 -> 0 | AM63: =+Production!AP63*Injection!$AM$2 -> 0 | AN63: =+Production!AQ63*$AN$2 -> 0 | AO63: =+Production!AR63*$AO$2 -> 0 | AP63: =+Production!AS63*$AP$2 -> 0 | AQ63: =+Production!AT63*$AQ$2 -> 0 | AR63: =+Production!AU63*$AR$2 -> 0 | AS63: =+Production!AV63*$AS$2 -> 0 | AT63: =+Production!AW63*$AT$2 -> 216 | AU63: =+Production!AX63*$AU$2 -> 258 | AV63: =+Production!AY63*$AV$2 -> 0 | AW63: =+Production!AZ63*$AW$2 -> 0 | AX63: =+Production!BA63*$AX$2 -> 0 | AY63: =+Production!BB63*$AY$2 -> 0 | BP63: =+P63+AT63 -> 559.2 | BQ63: =+Q63+AU63 -> 570 | BR63: =R63+AV63 -> 0 | BS63: =S63+AW63 -> 0 | BT63: =T63+AX63 -> 0 | BU63: =U63+AY63 -> 0 | CK63: =+BA63 -> 0 | CL63: =+BB63 -> 0
A64: 2026/49 | B64: =SUM(D64:BJ64) -> 4413.6 | D64: =+Production!D64*Injection!$D$2 -> 0 | E64: =+Production!E64*Injection!$E$2 -> 0 | F64: =+Production!F64*Injection!$F$2 -> 1014 | G64: =+Production!G64*Injection!$G$2 -> 561.6 | H64: =+Production!H64*Injection!$H$2 -> 1014 | I64: =+Production!I64*Injection!$I$2 -> 0 | J64: =+Production!J64*Injection!$J$2 -> 0 | K64: =+Production!K64*Injection!$K$2 -> 0 | L64: =+Production!L64*Injection!$L$2 -> 0 | M64: =+Production!M64*Injection!$M$2 -> 0 | N64: =+Production!N64*Injection!$N$2 -> 0 | O64: =+Production!O64*Injection!$O$2 -> 0 | P64: =+Production!P64*Injection!$P$2 -> 0 | Q64: =+Production!Q64*Injection!$Q$2 -> 0 | R64: =+Production!R64*Injection!$R$2 -> 0 | S64: =+Production!S64*Injection!$S$2 -> 0 | T64: =+Production!T64*$T$2 -> 0 | U64: =+Production!U64*$U$2 -> 0 | V64: =+Production!V64*$V$2 -> 0 | W64: =+Production!W64*$W$2 -> 0 | X64: =+Production!X64*$X$2 -> 0 | Y64: =+Production!Y64*$Y$2 -> 0 | Z64: =+Production!Z64*$Z$2 -> 0 | AA64: =+Production!AA64*$AA$2 -> 0 | AB64: =+Production!AB64*$AB$2 -> 0 | AL64: =+Production!AO64*Injection!$AL$2 -> 0 | AM64: =+Production!AP64*Injection!$AM$2 -> 0 | AN64: =+Production!AQ64*$AN$2 -> 0 | AO64: =+Production!AR64*$AO$2 -> 0 | AP64: =+Production!AS64*$AP$2 -> 0 | AQ64: =+Production!AT64*$AQ$2 -> 0 | AR64: =+Production!AU64*$AR$2 -> 0 | AS64: =+Production!AV64*$AS$2 -> 0 | AT64: =+Production!AW64*$AT$2 -> 0 | AU64: =+Production!AX64*$AU$2 -> 0 | AV64: =+Production!AY64*$AV$2 -> 480 | AW64: =+Production!AZ64*$AW$2 -> 432 | AX64: =+Production!BA64*$AX$2 -> 480 | AY64: =+Production!BB64*$AY$2 -> 432 | BP64: =+P64+AT64 -> 0 | BQ64: =+Q64+AU64 -> 0 | BR64: =R64+AV64 -> 480 | BS64: =S64+AW64 -> 432 | BT64: =T64+AX64 -> 480 | BU64: =U64+AY64 -> 432 | CK64: =+BA64 -> 0 | CL64: =+BB64 -> 0
A65: 2026/50 | B65: =SUM(D65:BJ65) -> 2028 | D65: =+Production!D65*Injection!$D$2 -> 0 | E65: =+Production!E65*Injection!$E$2 -> 0 | F65: =+Production!F65*Injection!$F$2 -> 780 | G65: =+Production!G65*Injection!$G$2 -> 468 | H65: =+Production!H65*Injection!$H$2 -> 780 | I65: =+Production!I65*Injection!$I$2 -> 0 | J65: =+Production!J65*Injection!$J$2 -> 0 | K65: =+Production!K65*Injection!$K$2 -> 0 | L65: =+Production!L65*Injection!$L$2 -> 0 | M65: =+Production!M65*Injection!$M$2 -> 0 | N65: =+Production!N65*Injection!$N$2 -> 0 | O65: =+Production!O65*Injection!$O$2 -> 0 | P65: =+Production!P65*Injection!$P$2 -> 0 | Q65: =+Production!Q65*Injection!$Q$2 -> 0 | R65: =+Production!R65*Injection!$R$2 -> 0 | S65: =+Production!S65*Injection!$S$2 -> 0 | T65: =+Production!T65*$T$2 -> 0 | U65: =+Production!U65*$U$2 -> 0 | V65: =+Production!V65*$V$2 -> 0 | W65: =+Production!W65*$W$2 -> 0 | X65: =+Production!X65*$X$2 -> 0 | Y65: =+Production!Y65*$Y$2 -> 0 | Z65: =+Production!Z65*$Z$2 -> 0 | AA65: =+Production!AA65*$AA$2 -> 0 | AB65: =+Production!AB65*$AB$2 -> 0 | AL65: =+Production!AO65*Injection!$AL$2 -> 0 | AM65: =+Production!AP65*Injection!$AM$2 -> 0 | AN65: =+Production!AQ65*$AN$2 -> 0 | AO65: =+Production!AR65*$AO$2 -> 0 | AP65: =+Production!AS65*$AP$2 -> 0 | AQ65: =+Production!AT65*$AQ$2 -> 0 | AR65: =+Production!AU65*$AR$2 -> 0 | AS65: =+Production!AV65*$AS$2 -> 0 | AT65: =+Production!AW65*$AT$2 -> 0 | AU65: =+Production!AX65*$AU$2 -> 0 | AV65: =+Production!AY65*$AV$2 -> 0 | AW65: =+Production!AZ65*$AW$2 -> 0 | AX65: =+Production!BA65*$AX$2 -> 0 | AY65: =+Production!BB65*$AY$2 -> 0 | BP65: =+P65+AT65 -> 0 | BQ65: =+Q65+AU65 -> 0 | BR65: =R65+AV65 -> 0 | BS65: =S65+AW65 -> 0 | BT65: =T65+AX65 -> 0 | BU65: =U65+AY65 -> 0 | CK65: =+BA65 -> 0 | CL65: =+BB65 -> 0
A66: 2026/51 | B66: =SUM(D66:BJ66) -> 0 | D66: =+Production!D66*Injection!$D$2 -> 0 | E66: =+Production!E66*Injection!$E$2 -> 0 | F66: =+Production!F66*Injection!$F$2 -> 0 | G66: =+Production!G66*Injection!$G$2 -> 0 | H66: =+Production!H66*Injection!$H$2 -> 0 | I66: =+Production!I66*Injection!$I$2 -> 0 | J66: =+Production!J66*Injection!$J$2 -> 0 | K66: =+Production!K66*Injection!$K$2 -> 0 | L66: =+Production!L66*Injection!$L$2 -> 0 | M66: =+Production!M66*Injection!$M$2 -> 0 | N66: =+Production!N66*Injection!$N$2 -> 0 | O66: =+Production!O66*Injection!$O$2 -> 0 | P66: =+Production!P66*Injection!$P$2 -> 0 | Q66: =+Production!Q66*Injection!$Q$2 -> 0 | R66: =+Production!R66*Injection!$R$2 -> 0 | S66: =+Production!S66*Injection!$S$2 -> 0 | T66: =+Production!T66*$T$2 -> 0 | U66: =+Production!U66*$U$2 -> 0 | V66: =+Production!V66*$V$2 -> 0 | W66: =+Production!W66*$W$2 -> 0 | X66: =+Production!X66*$X$2 -> 0 | Y66: =+Production!Y66*$Y$2 -> 0 | Z66: =+Production!Z66*$Z$2 -> 0 | AA66: =+Production!AA66*$AA$2 -> 0 | AB66: =+Production!AB66*$AB$2 -> 0 | AL66: =+Production!AO66*Injection!$AL$2 -> 0 | AM66: =+Production!AP66*Injection!$AM$2 -> 0 | AN66: =+Production!AQ66*$AN$2 -> 0 | AO66: =+Production!AR66*$AO$2 -> 0 | AP66: =+Production!AS66*$AP$2 -> 0 | AQ66: =+Production!AT66*$AQ$2 -> 0 | AR66: =+Production!AU66*$AR$2 -> 0 | AS66: =+Production!AV66*$AS$2 -> 0 | AT66: =+Production!AW66*$AT$2 -> 0 | AU66: =+Production!AX66*$AU$2 -> 0 | AV66: =+Production!AY66*$AV$2 -> 0 | AW66: =+Production!AZ66*$AW$2 -> 0 | AX66: =+Production!BA66*$AX$2 -> 0 | AY66: =+Production!BB66*$AY$2 -> 0 | BP66: =+P66+AT66 -> 0 | BQ66: =+Q66+AU66 -> 0 | BR66: =R66+AV66 -> 0 | BS66: =S66+AW66 -> 0 | BT66: =T66+AX66 -> 0 | BU66: =U66+AY66 -> 0 | CK66: =+BA66 -> 0 | CL66: =+BB66 -> 0
A67: 2026/52 | B67: =SUM(D67:BJ67) -> 0 | D67: =+Production!D67*Injection!$D$2 -> 0 | E67: =+Production!E67*Injection!$E$2 -> 0 | F67: =+Production!F67*Injection!$F$2 -> 0 | G67: =+Production!G67*Injection!$G$2 -> 0 | H67: =+Production!H67*Injection!$H$2 -> 0 | I67: =+Production!I67*Injection!$I$2 -> 0 | J67: =+Production!J67*Injection!$J$2 -> 0 | K67: =+Production!K67*Injection!$K$2 -> 0 | L67: =+Production!L67*Injection!$L$2 -> 0 | M67: =+Production!M67*Injection!$M$2 -> 0 | N67: =+Production!N67*Injection!$N$2 -> 0 | O67: =+Production!O67*Injection!$O$2 -> 0 | P67: =+Production!P67*Injection!$P$2 -> 0 | Q67: =+Production!Q67*Injection!$Q$2 -> 0 | R67: =+Production!R67*Injection!$R$2 -> 0 | S67: =+Production!S67*Injection!$S$2 -> 0 | T67: =+Production!T67*$T$2 -> 0 | U67: =+Production!U67*$U$2 -> 0 | V67: =+Production!V67*$V$2 -> 0 | W67: =+Production!W67*$W$2 -> 0 | X67: =+Production!X67*$X$2 -> 0 | Y67: =+Production!Y67*$Y$2 -> 0 | Z67: =+Production!Z67*$Z$2 -> 0 | AA67: =+Production!AA67*$AA$2 -> 0 | AB67: =+Production!AB67*$AB$2 -> 0 | AL67: =+Production!AO67*Injection!$AL$2 -> 0 | AM67: =+Production!AP67*Injection!$AM$2 -> 0 | AN67: =+Production!AQ67*$AN$2 -> 0 | AO67: =+Production!AR67*$AO$2 -> 0 | AP67: =+Production!AS67*$AP$2 -> 0 | AQ67: =+Production!AT67*$AQ$2 -> 0 | AR67: =+Production!AU67*$AR$2 -> 0 | AS67: =+Production!AV67*$AS$2 -> 0 | AT67: =+Production!AW67*$AT$2 -> 0 | AU67: =+Production!AX67*$AU$2 -> 0 | AV67: =+Production!AY67*$AV$2 -> 0 | AW67: =+Production!AZ67*$AW$2 -> 0 | AX67: =+Production!BA67*$AX$2 -> 0 | AY67: =+Production!BB67*$AY$2 -> 0 | BP67: =+P67+AT67 -> 0 | BQ67: =+Q67+AU67 -> 0 | BR67: =R67+AV67 -> 0 | BS67: =S67+AW67 -> 0 | BT67: =T67+AX67 -> 0 | BU67: =U67+AY67 -> 0 | CK67: =+BA67 -> 0 | CL67: =+BB67 -> 0
A68: 2026/53 | B68: =SUM(D68:BJ68) -> 0 | D68: =+Production!D68*Injection!$D$2 -> 0 | E68: =+Production!E68*Injection!$E$2 -> 0 | F68: =+Production!F68*Injection!$F$2 -> 0 | G68: =+Production!G68*Injection!$G$2 -> 0 | H68: =+Production!H68*Injection!$H$2 -> 0 | I68: =+Production!I68*Injection!$I$2 -> 0 | J68: =+Production!J68*Injection!$J$2 -> 0 | K68: =+Production!K68*Injection!$K$2 -> 0 | L68: =+Production!L68*Injection!$L$2 -> 0 | M68: =+Production!M68*Injection!$M$2 -> 0 | N68: =+Production!N68*Injection!$N$2 -> 0 | O68: =+Production!O68*Injection!$O$2 -> 0 | P68: =+Production!P68*Injection!$P$2 -> 0 | Q68: =+Production!Q68*Injection!$Q$2 -> 0 | R68: =+Production!R68*Injection!$R$2 -> 0 | S68: =+Production!S68*Injection!$S$2 -> 0 | T68: =+Production!T68*$T$2 -> 0 | U68: =+Production!U68*$U$2 -> 0 | V68: =+Production!V68*$V$2 -> 0 | W68: =+Production!W68*$W$2 -> 0 | X68: =+Production!X68*$X$2 -> 0 | Y68: =+Production!Y68*$Y$2 -> 0 | Z68: =+Production!Z68*$Z$2 -> 0 | AA68: =+Production!AA68*$AA$2 -> 0 | AB68: =+Production!AB68*$AB$2 -> 0 | AL68: =+Production!AO68*Injection!$AL$2 -> 0 | AM68: =+Production!AP68*Injection!$AM$2 -> 0 | AN68: =+Production!AQ68*$AN$2 -> 0 | AO68: =+Production!AR68*$AO$2 -> 0 | AP68: =+Production!AS68*$AP$2 -> 0 | AQ68: =+Production!AT68*$AQ$2 -> 0 | AR68: =+Production!AU68*$AR$2 -> 0 | AS68: =+Production!AV68*$AS$2 -> 0 | AT68: =+Production!AW68*$AT$2 -> 0 | AU68: =+Production!AX68*$AU$2 -> 0 | AV68: =+Production!AY68*$AV$2 -> 0 | AW68: =+Production!AZ68*$AW$2 -> 0 | AX68: =+Production!BA68*$AX$2 -> 0 | AY68: =+Production!BB68*$AY$2 -> 0 | BP68: =+P68+AT68 -> 0 | BQ68: =+Q68+AU68 -> 0 | BR68: =R68+AV68 -> 0 | BS68: =S68+AW68 -> 0 | BT68: =T68+AX68 -> 0 | BU68: =U68+AY68 -> 0 | CK68: =+BA68 -> 0 | CL68: =+BB68 -> 0
A69: 2027/01 | B69: =SUM(D69:BJ69) -> 0 | D69: =+Production!D69*Injection!$D$2 -> 0 | E69: =+Production!E69*Injection!$E$2 -> 0 | F69: =+Production!F69*Injection!$F$2 -> 0 | G69: =+Production!G69*Injection!$G$2 -> 0 | H69: =+Production!H69*Injection!$H$2 -> 0 | I69: =+Production!I69*Injection!$I$2 -> 0 | J69: =+Production!J69*Injection!$J$2 -> 0 | K69: =+Production!K69*Injection!$K$2 -> 0 | L69: =+Production!L69*Injection!$L$2 -> 0 | M69: =+Production!M69*Injection!$M$2 -> 0 | N69: =+Production!N69*Injection!$N$2 -> 0 | O69: =+Production!O69*Injection!$O$2 -> 0 | P69: =+Production!P69*Injection!$P$2 -> 0 | Q69: =+Production!Q69*Injection!$Q$2 -> 0 | R69: =+Production!R69*Injection!$R$2 -> 0 | S69: =+Production!S69*Injection!$S$2 -> 0 | T69: =+Production!T69*$T$2 -> 0 | U69: =+Production!U69*$U$2 -> 0 | V69: =+Production!V69*$V$2 -> 0 | W69: =+Production!W69*$W$2 -> 0 | X69: =+Production!X69*$X$2 -> 0 | Y69: =+Production!Y69*$Y$2 -> 0 | Z69: =+Production!Z69*$Z$2 -> 0 | AA69: =+Production!AA69*$AA$2 -> 0 | AB69: =+Production!AB69*$AB$2 -> 0 | AL69: =+Production!AO69*Injection!$AL$2 -> 0 | AM69: =+Production!AP69*Injection!$AM$2 -> 0 | AN69: =+Production!AQ69*$AN$2 -> 0 | AO69: =+Production!AR69*$AO$2 -> 0 | AP69: =+Production!AS69*$AP$2 -> 0 | AQ69: =+Production!AT69*$AQ$2 -> 0 | AR69: =+Production!AU69*$AR$2 -> 0 | AS69: =+Production!AV69*$AS$2 -> 0 | AT69: =+Production!AW69*$AT$2 -> 0 | AU69: =+Production!AX69*$AU$2 -> 0 | AV69: =+Production!AY69*$AV$2 -> 0 | AW69: =+Production!AZ69*$AW$2 -> 0 | AX69: =+Production!BA69*$AX$2 -> 0 | AY69: =+Production!BB69*$AY$2 -> 0 | BP69: =+P69+AT69 -> 0 | BQ69: =+Q69+AU69 -> 0 | BR69: =R69+AV69 -> 0 | BS69: =S69+AW69 -> 0 | BT69: =T69+AX69 -> 0 | BU69: =U69+AY69 -> 0 | CK69: =+BA69 -> 0 | CL69: =+BB69 -> 0
A70: 2027/02 | B70: =SUM(D70:BJ70) -> 0 | D70: =+Production!D70*Injection!$D$2 -> 0 | E70: =+Production!E70*Injection!$E$2 -> 0 | F70: =+Production!F70*Injection!$F$2 -> 0 | G70: =+Production!G70*Injection!$G$2 -> 0 | H70: =+Production!H70*Injection!$H$2 -> 0 | I70: =+Production!I70*Injection!$I$2 -> 0 | J70: =+Production!J70*Injection!$J$2 -> 0 | K70: =+Production!K70*Injection!$K$2 -> 0 | L70: =+Production!L70*Injection!$L$2 -> 0 | M70: =+Production!M70*Injection!$M$2 -> 0 | N70: =+Production!N70*Injection!$N$2 -> 0 | O70: =+Production!O70*Injection!$O$2 -> 0 | P70: =+Production!P70*Injection!$P$2 -> 0 | Q70: =+Production!Q70*Injection!$Q$2 -> 0 | R70: =+Production!R70*Injection!$R$2 -> 0 | S70: =+Production!S70*Injection!$S$2 -> 0 | T70: =+Production!T70*$T$2 -> 0 | U70: =+Production!U70*$U$2 -> 0 | V70: =+Production!V70*$V$2 -> 0 | W70: =+Production!W70*$W$2 -> 0 | X70: =+Production!X70*$X$2 -> 0 | Y70: =+Production!Y70*$Y$2 -> 0 | Z70: =+Production!Z70*$Z$2 -> 0 | AA70: =+Production!AA70*$AA$2 -> 0 | AB70: =+Production!AB70*$AB$2 -> 0 | AL70: =+Production!AO70*Injection!$AL$2 -> 0 | AM70: =+Production!AP70*Injection!$AM$2 -> 0 | AN70: =+Production!AQ70*$AN$2 -> 0 | AO70: =+Production!AR70*$AO$2 -> 0 | AP70: =+Production!AS70*$AP$2 -> 0 | AQ70: =+Production!AT70*$AQ$2 -> 0 | AR70: =+Production!AU70*$AR$2 -> 0 | AS70: =+Production!AV70*$AS$2 -> 0 | AT70: =+Production!AW70*$AT$2 -> 0 | AU70: =+Production!AX70*$AU$2 -> 0 | AV70: =+Production!AY70*$AV$2 -> 0 | AW70: =+Production!AZ70*$AW$2 -> 0 | AX70: =+Production!BA70*$AX$2 -> 0 | AY70: =+Production!BB70*$AY$2 -> 0 | BP70: =+P70+AT70 -> 0 | BQ70: =+Q70+AU70 -> 0 | BR70: =R70+AV70 -> 0 | BS70: =S70+AW70 -> 0 | BT70: =T70+AX70 -> 0 | BU70: =U70+AY70 -> 0 | CK70: =+BA70 -> 0 | CL70: =+BB70 -> 0
A71: 2027/03 | B71: =SUM(D71:BJ71) -> 0 | D71: =+Production!D71*Injection!$D$2 -> 0 | E71: =+Production!E71*Injection!$E$2 -> 0 | F71: =+Production!F71*Injection!$F$2 -> 0 | G71: =+Production!G71*Injection!$G$2 -> 0 | H71: =+Production!H71*Injection!$H$2 -> 0 | I71: =+Production!I71*Injection!$I$2 -> 0 | J71: =+Production!J71*Injection!$J$2 -> 0 | K71: =+Production!K71*Injection!$K$2 -> 0 | L71: =+Production!L71*Injection!$L$2 -> 0 | M71: =+Production!M71*Injection!$M$2 -> 0 | N71: =+Production!N71*Injection!$N$2 -> 0 | O71: =+Production!O71*Injection!$O$2 -> 0 | P71: =+Production!P71*Injection!$P$2 -> 0 | Q71: =+Production!Q71*Injection!$Q$2 -> 0 | R71: =+Production!R71*Injection!$R$2 -> 0 | S71: =+Production!S71*Injection!$S$2 -> 0 | T71: =+Production!T71*$T$2 -> 0 | U71: =+Production!U71*$U$2 -> 0 | V71: =+Production!V71*$V$2 -> 0 | W71: =+Production!W71*$W$2 -> 0 | X71: =+Production!X71*$X$2 -> 0 | Y71: =+Production!Y71*$Y$2 -> 0 | Z71: =+Production!Z71*$Z$2 -> 0 | AA71: =+Production!AA71*$AA$2 -> 0 | AB71: =+Production!AB71*$AB$2 -> 0 | AL71: =+Production!AO71*Injection!$AL$2 -> 0 | AM71: =+Production!AP71*Injection!$AM$2 -> 0 | AN71: =+Production!AQ71*$AN$2 -> 0 | AO71: =+Production!AR71*$AO$2 -> 0 | AP71: =+Production!AS71*$AP$2 -> 0 | AQ71: =+Production!AT71*$AQ$2 -> 0 | AR71: =+Production!AU71*$AR$2 -> 0 | AS71: =+Production!AV71*$AS$2 -> 0 | AT71: =+Production!AW71*$AT$2 -> 0 | AU71: =+Production!AX71*$AU$2 -> 0 | AV71: =+Production!AY71*$AV$2 -> 0 | AW71: =+Production!AZ71*$AW$2 -> 0 | AX71: =+Production!BA71*$AX$2 -> 0 | AY71: =+Production!BB71*$AY$2 -> 0 | BP71: =+P71+AT71 -> 0 | BQ71: =+Q71+AU71 -> 0 | BR71: =R71+AV71 -> 0 | BS71: =S71+AW71 -> 0 | BT71: =T71+AX71 -> 0 | BU71: =U71+AY71 -> 0 | CK71: =+BA71 -> 0 | CL71: =+BB71 -> 0
E78: 45412 | F78: =+WEEKNUM(E78) -> 18
E79: 45902 | F79: =+WEEKNUM(E79) -> 36
I165: VD059

Sheet Production
B1: KS | C1: forcast | D1: 9421 | E1: 9421 | F1: 8822 | G1: 8822 | H1: 8822 | I1: 4026 | J1: 4026 | K1: 11954 | L1: 1321 | M1: 1321 | N1: 1321 | O1: 1321 | P1: 4907 | Q1: 4907 | R1: 4977 | S1: 4977 | T1: 4977 | U1: 4977 | V1: 8349 | W1: 2889 | X1: 2889 | Y1: 2283 | Z1: 2283 | AF1: 10500 | AG1: 4960 | AH1: 4960 | AI1: 4960 | AJ1: 11648 | AK1: 11648 | AL1: 11648 | AO1: 2045 | AP1: 2045 | AQ1: 1446 | AR1: 1446 | AS1: =SUM(AS5:AS71) -> 11376 | AT1: =SUM(AT5:AT71) -> 11388 | BO1: =SUM(BO5:BO71) -> 5234.4 | BP1: =SUM(BP5:BP71) -> 5216.8 | BQ1: =SUM(BQ5:BQ71) -> 6122.8 | BR1: =SUM(BR5:BR71) -> 6094.8 | BS1: =SUM(BS5:BS71) -> 6107.2 | BT1: =SUM(BT5:BT71) -> 6079.2 | BU1: =SUM(BU5:BU71) -> 5298
B2: KJ | C2: target(K)/W | D2: 500 | E2: 500 | F2: 350 | G2: 350 | H2: 350 | I2: 250 | J2: 250 | K2: 180 | L2: 125 | M2: 125 | N2: 125 | O2: 125 | P2: 240 | Q2: 240 | R2: 180 | S2: 180 | T2: 180 | U2: 180 | V2: 500 | W2: 330 | X2: 330 | Y2: 330 | Z2: 330 | AA2: 230 | AB2: 230 | AF2: 450 | AG2: 350 | AH2: 350 | AI2: 350 | AJ2: 450 | AK2: 450 | AL2: 450 | AO2: KJ | AS2: 350 | AT2: 350 | BE2: 450 | BF2: 450 | BN2: Total | BO2: 240 | BP2: 240 | BQ2: 180 | BR2: 180 | BS2: 180 | BT2: 180 | BU2: 250 | BV2: 250 | BW2: 350 | BX2: 350 | BY2: 350 | BZ2: 125 | CA2: 125 | CB2: 125 | CC2: 125
B3: Total KS | C3: KS+KJ | D3: VS424 | E3: VS429 | F3: VS230 | G3: VS228 | H3: VS233 | I3: VS393 | J3: VS399 | K3: VS010 | L3: VS384 | M3: VS385 | N3: VS384A | O3: VS385A | P3: VS089 | Q3: VS090 | R3: VS193 | S3: VS288 | T3: VS193A | U3: VS288A | V3: VS515 | W3: VC181 | X3: VC182 | Y3: VC248 | Z3: VC249 | AA3: VQ069A | AB3: VQ070A | AC3: VC391 | AD3: VC392 | AE3: VC395 | AF3: VZ192 | AG3: VZ275 | AH3: VZ276 | AI3: VZ280 | AJ3: VZ164 | AK3: VZ171 | AL3: VZ172 | AM3: VC297 | AO3: VC261 | AP3: VC267 | AQ3: VT084 | AR3: VT085 | AS3: VS344 | AT3: VS369 | AU3: VD387 | AV3: VD424 | AW3: VS089 | AX3: VS090 | AY3: VS193 | AZ3: VS288 | BA3: VS193A | BB3: VS288A | BC3: VS393 | BD3: VS399 | BE3: VS427 | BF3: VS463 | BG3: VS230 | BH3: VS228 | BI3: VS233 | BJ3: VS384 | BK3: VS385 | BL3: VS384A | BM3: VS385A | BO3: VS089 | BP3: VS090 | BQ3: VS193 | BR3: VS288 | BS3: VS193A | BT3: VS288A | BU3: VS393 | BV3: VS399 | BW3: VS230 | BX3: VS228 | BY3: VS233 | BZ3: VS384 | CA3: VS385 | CB3: VS384A | CC3: VS385A
A4: Total | B4: =SUM(B5:B97) -> 168948.6 | C4: =SUM(C5:C97) -> 257580.7 | D4: =SUM(D5:D97) -> 10249.2 | E4: =SUM(E5:E97) -> 10264.8 | F4: =SUM(F5:F97) -> 8626.8 | G4: =SUM(G5:G97) -> 8611.2 | H4: =SUM(H5:H97) -> 8611.2 | I4: =SUM(I5:I97) -> 2262 | ... AH4: =SUM(AH5:AH97) -> 4929.6 | AI4: =SUM(AI5:AI121) -> 4929.6 | AJ4: =SUM(AJ5:AJ97) -> 8658.2 | AK4: =SUM(AK5:AK97) -> 8642.6 | AL4: =SUM(AL5:AL97) -> 8642.6 | AM4: =SUM(AM5:AM97) -> 1794 | AN4: =SUM(AN5:AN97) -> 0 | AO4: =SUM(AO5:AO97) -> 2604 | AP4: =SUM(AP5:AP97) -> 2618 | AQ4: =SUM(AQ5:AQ97) -> 237.6 | ... DK4: =SUM(DK5:DK97) -> 0
A5: 2025/42 | B5: =SUM(D5:AN5) -> 0 | C5: =SUM(D5:BN5) -> 552 | D5: =SUM(SUM!W16,SUM!AA16,SUM!AE16,SUM!AI16) -> 0 | E5: =SUM(SUM!X16,SUM!AB16,SUM!AF16,SUM!AJ16) -> 0 | F5: =+SUM(SUM!AY16,SUM!BD16,SUM!BN16,SUM!BS16,SUM!BI16) -> 0 | G5: =+SUM(SUM!AZ16,SUM!BE16,SUM!BO16,SUM!BT16,SUM!BJ16) -> 0 | H5: =+SUM(SUM!BA16,SUM!BF16,SUM!BP16,SUM!BU16,SUM!BK16) -> 0 | I5: =+SUM(SUM!CG16,SUM!CK16,SUM!CO16) -> 0 | J5: =+SUM(SUM!CH16,SUM!CL16,SUM!CP16) -> 0 | K5: =SUM(SUM!DA16,SUM!DD16,SUM!DG16,SUM!DJ16,SUM!DM16) -> 0 | L5: =+SUM(SUM!DP16,SUM!DV16,SUM!EB16,SUM!EH16,SUM!EN16) -> 0 | M5: =+SUM(SUM!DQ16,SUM!DW16,SUM!EC16,SUM!EI16,SUM!EO16) -> 0 | N5: =+SUM(SUM!DR16,SUM!DX16,SUM!ED16,SUM!EJ16,SUM!EP16) -> 0 | O5: =+SUM(SUM!DS16,SUM!DY16,SUM!EE16,SUM!EK16,SUM!EQ16) -> 0 | P5: =+SUM(SUM!EZ16,SUM!FD16,SUM!FH16,SUM!FL16) -> 0 | Q5: =+SUM(SUM!FA16,SUM!FE16,SUM!FI16,SUM!FM16) -> 0 | R5: =+SUM(SUM!FT16,SUM!FZ16,SUM!GF16) -> 0 | S5: =+SUM(SUM!FU16,SUM!GA16,SUM!GG16) -> 0 | T5: =+SUM(SUM!FV16,SUM!GB16,SUM!GH16) -> 0 | U5: =+SUM(SUM!FW16,SUM!GC16,SUM!GI16) -> 0 | V5: =+SUM(SUM!GV16,SUM!GY16,SUM!HB16,SUM!HE16,SUM!HH16) -> 0 | W5: =+SUM(SUM!HS16,SUM!HW16,SUM!IA16,SUM!IE16,SUM!HO16) -> 0 | X5: =+SUM(SUM!HP16,SUM!HT16,SUM!HX16,SUM!IB16,SUM!IF16) -> 0 | Y5: =+SUM(SUM!IM16,SUM!IQ16,SUM!IU16,SUM!IY16,SUM!II16) -> 0 | Z5: =+SUM(SUM!IN16,SUM!IR16,SUM!IV16,SUM!IZ16,SUM!IJ16) -> 0 | AA5: =+SUM(SUM!JG16,SUM!JK16,SUM!JO16,SUM!JS16,SUM!JC16) -> 0 | AB5: =+SUM(SUM!JH16,SUM!JL16,SUM!JP16,SUM!JT16,SUM!JD16) -> 0 | AC5: =+SUM(SUM!KA16) -> 0 | AD5: =+SUM(SUM!KB16) -> 0 | AE5: =+SUM(SUM!KC16) -> 0 | AF5: =SUM((SUM!KF16,SUM!KI16,SUM!KL16,SUM!KO16,SUM!KR16)) -> 0 | AG5: =SUM(SUM!KU16,SUM!KZ16,SUM!LE16,SUM!LJ16) -> 0 | AH5: =SUM(SUM!KV16,SUM!LA16,SUM!LF16,SUM!LK16) -> 0 | AI5: =SUM(SUM!KW16,SUM!LB16,SUM!LG16,SUM!LL16) -> 0 | AJ5: =SUM(SUM!LO16,SUM!LT16,SUM!LY16,SUM!MD16,SUM!MI16,SUM!MN16,SUM!MS16) -> 0 | AK5: =SUM(SUM!LP16,SUM!LU16,SUM!LZ16,SUM!ME16,SUM!MJ16,SUM!MO16,SUM!MT16) -> 0 | AL5: =SUM(SUM!LQ16,SUM!LV16,SUM!MA16,SUM!MF16,SUM!MK16,SUM!MP16,SUM!MU16) -> 0 | AM5: =SUM(SUM!MY16,SUM!NB16) -> 0 | AO5: =+SUM(SUM!AM16,SUM!AQ16) -> 280 | AP5: =+SUM(SUM!AN16,SUM!AR16) -> 272 | AQ5: =+SUM!AU16 -> 0 | AR5: =+SUM!AV16 -> 0 | AS5: =+SUM!GR16 -> 0 | AT5: =+SUM!GS16 -> 0 | AU5: =+SUM(SUM!HK16) -> 0 | AV5: =+SUM(SUM!HL16) -> 0 | AW5: =+SUM(SUM!FP16) -> 0 | AX5: =+SUM(SUM!FQ16) -> 0 | AY5: =+SUM(SUM!GL16) -> 0 | AZ5: =+SUM(SUM!GM16) -> 0 | BA5: =+SUM(SUM!GN16) -> 0 | BB5: =+SUM(SUM!GO16) -> 0 | BC5: =+SUM(SUM!CS16,SUM!CW16) -> 0 | BD5: =+SUM(SUM!CT16,SUM!CX16) -> 0 | BE5: =+SUM(SUM!JW16) -> 0 | BF5: =+SUM(SUM!JX16) -> 0 | BG5: =+SUM(SUM!BX16,SUM!CB16) -> 0 | BH5: =+SUM(SUM!BY16,SUM!CC16) -> 0 | BI5: =+SUM(SUM!CD16) -> 0 | BJ5: =+SUM(SUM!ET16) -> 0 | BK5: =+SUM(SUM!EU16) -> 0 | BL5: =+SUM(SUM!EV16) -> 0 | BM5: =+SUM(SUM!EW16) -> 0 | BO5: =+P5+AW5 -> 0 | BP5: =+Q5+AX5 -> 0 | BQ5: =+R5+AY5 -> 0 | BR5: =+S5+AZ5 -> 0 | BS5: =+T5+BA5 -> 0 | BT5: =+U5+BB5 -> 0 | BU5: =+I5+BC5 -> 0 | BV5: =+J5+BD5 -> 0 | BW5: =+F5+BG5 -> 0 | BX5: =+G5+BH5 -> 0 | BY5: =+H5+BI5 -> 0 | BZ5: =+L5+BJ5 -> 0 | CA5: =+M5+BK5 -> 0 | CB5: =+N5+BL5 -> 0 | CC5: =+O5+BM5 -> 0
A6: 2025/43 | B6: =SUM(D6:AN6) -> 0 | C6: =SUM(D6:BN6) -> 642 | D6: =SUM(SUM!W17,SUM!AA17,SUM!AE17,SUM!AI17) -> 0 | E6: =SUM(SUM!X17,SUM!AB17,SUM!AF17,SUM!AJ17) -> 0 | F6: =+SUM(SUM!AY17,SUM!BD17,SUM!BN17,SUM!BS17,SUM!BI17) -> 0 | G6: =+SUM(SUM!AZ17,SUM!BE17,SUM!BO17,SUM!BT17,SUM!BJ17) -> 0 | H6: =+SUM(SUM!BA17,SUM!BF17,SUM!BP17,SUM!BU17,SUM!BK17) -> 0 | I6: =+SUM(SUM!CG17,SUM!CK17,SUM!CO17) -> 0 | J6: =+SUM(SUM!CH17,SUM!CL17,SUM!CP17) -> 0 | K6: =SUM(SUM!DA17,SUM!DD17,SUM!DG17,SUM!DJ17,SUM!DM17) -> 0 | L6: =+SUM(SUM!DP17,SUM!DV17,SUM!EB17,SUM!EH17,SUM!EN17) -> 0 | M6: =+SUM(SUM!DQ17,SUM!DW17,SUM!EC17,SUM!EI17,SUM!EO17) -> 0 | N6: =+SUM(SUM!DR17,SUM!DX17,SUM!ED17,SUM!EJ17,SUM!EP17) -> 0 | O6: =+SUM(SUM!DS17,SUM!DY17,SUM!EE17,SUM!EK17,SUM!EQ17) -> 0 | P6: =+SUM(SUM!EZ17,SUM!FD17,SUM!FH17,SUM!FL17) -> 0 | Q6: =+SUM(SUM!FA17,SUM!FE17,SUM!FI17,SUM!FM17) -> 0 | R6: =+SUM(SUM!FT17,SUM!FZ17,SUM!GF17) -> 0 | S6: =+SUM(SUM!FU17,SUM!GA17,SUM!GG17) -> 0 | T6: =+SUM(SUM!FV17,SUM!GB17,SUM!GH17) -> 0 | U6: =+SUM(SUM!FW17,SUM!GC17,SUM!GI17) -> 0 | V6: =+SUM(SUM!GV17,SUM!GY17,SUM!HB17,SUM!HE17,SUM!HH17) -> 0 | W6: =+SUM(SUM!HS17,SUM!HW17,SUM!IA17,SUM!IE17,SUM!HO17) -> 0 | X6: =+SUM(SUM!HP17,SUM!HT17,SUM!HX17,SUM!IB17,SUM!IF17) -> 0 | Y6: =+SUM(SUM!IM17,SUM!IQ17,SUM!IU17,SUM!IY17,SUM!II17) -> 0 | Z6: =+SUM(SUM!IN17,SUM!IR17,SUM!IV17,SUM!IZ17,SUM!IJ17) -> 0 | AA6: =+SUM(SUM!JG17,SUM!JK17,SUM!JO17,SUM!JS17,SUM!JC17) -> 0 | AB6: =+SUM(SUM!JH17,SUM!JL17,SUM!JP17,SUM!JT17,SUM!JD17) -> 0 | AC6: =+SUM(SUM!KA17) -> 0 | AD6: =+SUM(SUM!KB17) -> 0 | AE6: =+SUM(SUM!KC17) -> 0 | AF6: =SUM((SUM!KF17,SUM!KI17,SUM!KL17,SUM!KO17,SUM!KR17)) -> 0 | AG6: =SUM(SUM!KU17,SUM!KZ17,SUM!LE17,SUM!LJ17) -> 0 | AH6: =SUM(SUM!KV17,SUM!LA17,SUM!LF17,SUM!LK17) -> 0 | AI6: =SUM(SUM!KW17,SUM!LB17,SUM!LG17,SUM!LL17) -> 0 | AJ6: =SUM(SUM!LO17,SUM!LT17,SUM!LY17,SUM!MD17,SUM!MI17,SUM!MN17,SUM!MS17) -> 0 | AK6: =SUM(SUM!LP17,SUM!LU17,SUM!LZ17,SUM!ME17,SUM!MJ17,SUM!MO17,SUM!MT17) -> 0 | AL6: =SUM(SUM!LQ17,SUM!LV17,SUM!MA17,SUM!MF17,SUM!MK17,SUM!MP17,SUM!MU17) -> 0 | AM6: =SUM(SUM!MY17,SUM!NB17) -> 0 | AO6: =+SUM(SUM!AM17,SUM!AQ17) -> 336 | AP6: =+SUM(SUM!AN17,SUM!AR17) -> 306 | AQ6: =+SUM!AU17 -> 0 | AR6: =+SUM!AV17 -> 0 | AS6: =+SUM!GR17 -> 0 | AT6: =+SUM!GS17 -> 0 | AU6: =+SUM(SUM!HK17) -> 0 | AV6: =+SUM(SUM!HL17) -> 0 | AW6: =+SUM(SUM!FP17) -> 0 | AX6: =+SUM(SUM!FQ17) -> 0 | AY6: =+SUM(SUM!GL17) -> 0 | AZ6: =+SUM(SUM!GM17) -> 0 | BA6: =+SUM(SUM!GN17) -> 0 | BB6: =+SUM(SUM!GO17) -> 0 | BC6: =+SUM(SUM!CS17,SUM!CW17) -> 0 | BD6: =+SUM(SUM!CT17,SUM!CX17) -> 0 | BE6: =+SUM(SUM!JW17) -> 0 | BF6: =+SUM(SUM!JX17) -> 0 | BG6: =+SUM(SUM!BX17,SUM!CB17) -> 0 | BH6: =+SUM(SUM!BY17,SUM!CC17) -> 0 | BI6: =+SUM(SUM!CD17) -> 0 | BJ6: =+SUM(SUM!ET17) -> 0 | BK6: =+SUM(SUM!EU17) -> 0 | BL6: =+SUM(SUM!EV17) -> 0 | BM6: =+SUM(SUM!EW17) -> 0 | BO6: =+P6+AW6 -> 0 | BP6: =+Q6+AX6 -> 0 | BQ6: =+R6+AY6 -> 0 | BR6: =+S6+AZ6 -> 0 | BS6: =+T6+BA6 -> 0 | BT6: =+U6+BB6 -> 0 | BU6: =+I6+BC6 -> 0 | BV6: =+J6+BD6 -> 0 | BW6: =+F6+BG6 -> 0 | BX6: =+G6+BH6 -> 0 | BY6: =+H6+BI6 -> 0 | BZ6: =+L6+BJ6 -> 0 | CA6: =+M6+BK6 -> 0 | CB6: =+N6+BL6 -> 0 | CC6: =+O6+BM6 -> 0
A7: 2025/44 | B7: =SUM(D7:AN7) -> 0 | C7: =SUM(D7:BN7) -> 0 | D7: =SUM(SUM!W18,SUM!AA18,SUM!AE18,SUM!AI18) -> 0 | E7: =SUM(SUM!X18,SUM!AB18,SUM!AF18,SUM!AJ18) -> 0 | F7: =+SUM(SUM!AY18,SUM!BD18,SUM!BN18,SUM!BS18,SUM!BI18) -> 0 | G7: =+SUM(SUM!AZ18,SUM!BE18,SUM!BO18,SUM!BT18,SUM!BJ18) -> 0 | H7: =+SUM(SUM!BA18,SUM!BF18,SUM!BP18,SUM!BU18,SUM!BK18) -> 0 | I7: =+SUM(SUM!CG18,SUM!CK18,SUM!CO18) -> 0 | J7: =+SUM(SUM!CH18,SUM!CL18,SUM!CP18) -> 0 | K7: =SUM(SUM!DA18,SUM!DD18,SUM!DG18,SUM!DJ18,SUM!DM18) -> 0 | L7: =+SUM(SUM!DP18,SUM!DV18,SUM!EB18,SUM!EH18,SUM!EN18) -> 0 | M7: =+SUM(SUM!DQ18,SUM!DW18,SUM!EC18,SUM!EI18,SUM!EO18) -> 0 | N7: =+SUM(SUM!DR18,SUM!DX18,SUM!ED18,SUM!EJ18,SUM!EP18) -> 0 | O7: =+SUM(SUM!DS18,SUM!DY18,SUM!EE18,SUM!EK18,SUM!EQ18) -> 0 | P7: =+SUM(SUM!EZ18,SUM!FD18,SUM!FH18,SUM!FL18) -> 0 | Q7: =+SUM(SUM!FA18,SUM!FE18,SUM!FI18,SUM!FM18) -> 0 | R7: =+SUM(SUM!FT18,SUM!FZ18,SUM!GF18) -> 0 | S7: =+SUM(SUM!FU18,SUM!GA18,SUM!GG18) -> 0 | T7: =+SUM(SUM!FV18,SUM!GB18,SUM!GH18) -> 0 | U7: =+SUM(SUM!FW18,SUM!GC18,SUM!GI18) -> 0 | V7: =+SUM(SUM!GV18,SUM!GY18,SUM!HB18,SUM!HE18,SUM!HH18) -> 0 | W7: =+SUM(SUM!HS18,SUM!HW18,SUM!IA18,SUM!IE18,SUM!HO18) -> 0 | X7: =+SUM(SUM!HP18,SUM!HT18,SUM!HX18,SUM!IB18,SUM!IF18) -> 0 | Y7: =+SUM(SUM!IM18,SUM!IQ18,SUM!IU18,SUM!IY18,SUM!II18) -> 0 | Z7: =+SUM(SUM!IN18,SUM!IR18,SUM!IV18,SUM!IZ18,SUM!IJ18) -> 0 | AA7: =+SUM(SUM!JG18,SUM!JK18,SUM!JO18,SUM!JS18,SUM!JC18) -> 0 | AB7: =+SUM(SUM!JH18,SUM!JL18,SUM!JP18,SUM!JT18,SUM!JD18) -> 0 | AC7: =+SUM(SUM!KA18) -> 0 | AD7: =+SUM(SUM!KB18) -> 0 | AE7: =+SUM(SUM!KC18) -> 0 | AF7: =SUM((SUM!KF18,SUM!KI18,SUM!KL18,SUM!KO18,SUM!KR18)) -> 0 | AG7: =SUM(SUM!KU18,SUM!KZ18,SUM!LE18,SUM!LJ18) -> 0 | AH7: =SUM(SUM!KV18,SUM!LA18,SUM!LF18,SUM!LK18) -> 0 | AI7: =SUM(SUM!KW18,SUM!LB18,SUM!LG18,SUM!LL18) -> 0 | AJ7: =SUM(SUM!LO18,SUM!LT18,SUM!LY18,SUM!MD18,SUM!MI18,SUM!MN18,SUM!MS18) -> 0 | AK7: =SUM(SUM!LP18,SUM!LU18,SUM!LZ18,SUM!ME18,SUM!MJ18,SUM!MO18,SUM!MT18) -> 0 | AL7: =SUM(SUM!LQ18,SUM!LV18,SUM!MA18,SUM!MF18,SUM!MK18,SUM!MP18,SUM!MU18) -> 0 | AM7: =SUM(SUM!MY18,SUM!NB18) -> 0 | AO7: =+SUM(SUM!AM18,SUM!AQ18) -> 0 | AP7: =+SUM(SUM!AN18,SUM!AR18) -> 0 | AQ7: =+SUM!AU18 -> 0 | AR7: =+SUM!AV18 -> 0 | AS7: =+SUM!GR18 -> 0 | AT7: =+SUM!GS18 -> 0 | AU7: =+SUM(SUM!HK18) -> 0 | AV7: =+SUM(SUM!HL18) -> 0 | AW7: =+SUM(SUM!FP18) -> 0 | AX7: =+SUM(SUM!FQ18) -> 0 | AY7: =+SUM(SUM!GL18) -> 0 | AZ7: =+SUM(SUM!GM18) -> 0 | BA7: =+SUM(SUM!GN18) -> 0 | BB7: =+SUM(SUM!GO18) -> 0 | BC7: =+SUM(SUM!CS18,SUM!CW18) -> 0 | BD7: =+SUM(SUM!CT18,SUM!CX18) -> 0 | BE7: =+SUM(SUM!JW18) -> 0 | BF7: =+SUM(SUM!JX18) -> 0 | BG7: =+SUM(SUM!BX18,SUM!CB18) -> 0 | BH7: =+SUM(SUM!BY18,SUM!CC18) -> 0 | BI7: =+SUM(SUM!CD18) -> 0 | BJ7: =+SUM(SUM!ET18) -> 0 | BK7: =+SUM(SUM!EU18) -> 0 | BL7: =+SUM(SUM!EV18) -> 0 | BM7: =+SUM(SUM!EW18) -> 0 | BO7: =+P7+AW7 -> 0 | BP7: =+Q7+AX7 -> 0 | BQ7: =+R7+AY7 -> 0 | BR7: =+S7+AZ7 -> 0 | BS7: =+T7+BA7 -> 0 | BT7: =+U7+BB7 -> 0 | BU7: =+I7+BC7 -> 0 | BV7: =+J7+BD7 -> 0 | BW7: =+F7+BG7 -> 0 | BX7: =+G7+BH7 -> 0 | BY7: =+H7+BI7 -> 0 | BZ7: =+L7+BJ7 -> 0 | CA7: =+M7+BK7 -> 0 | CB7: =+N7+BL7 -> 0 | CC7: =+O7+BM7 -> 0
A8: 2025/45 | B8: =SUM(D8:AN8) -> 0 | C8: =SUM(D8:BN8) -> 496 | D8: =SUM(SUM!W19,SUM!AA19,SUM!AE19,SUM!AI19) -> 0 | E8: =SUM(SUM!X19,SUM!AB19,SUM!AF19,SUM!AJ19) -> 0 | F8: =+SUM(SUM!AY19,SUM!BD19,SUM!BN19,SUM!BS19,SUM!BI19) -> 0 | G8: =+SUM(SUM!AZ19,SUM!BE19,SUM!BO19,SUM!BT19,SUM!BJ19) -> 0 | H8: =+SUM(SUM!BA19,SUM!BF19,SUM!BP19,SUM!BU19,SUM!BK19) -> 0 | I8: =+SUM(SUM!CG19,SUM!CK19,SUM!CO19) -> 0 | J8: =+SUM(SUM!CH19,SUM!CL19,SUM!CP19) -> 0 | K8: =SUM(SUM!DA19,SUM!DD19,SUM!DG19,SUM!DJ19,SUM!DM19) -> 0 | L8: =+SUM(SUM!DP19,SUM!DV19,SUM!EB19,SUM!EH19,SUM!EN19) -> 0 | M8: =+SUM(SUM!DQ19,SUM!DW19,SUM!EC19,SUM!EI19,SUM!EO19) -> 0 | N8: =+SUM(SUM!DR19,SUM!DX19,SUM!ED19,SUM!EJ19,SUM!EP19) -> 0 | O8: =+SUM(SUM!DS19,SUM!DY19,SUM!EE19,SUM!EK19,SUM!EQ19) -> 0 | P8: =+SUM(SUM!EZ19,SUM!FD19,SUM!FH19,SUM!FL19) -> 0 | Q8: =+SUM(SUM!FA19,SUM!FE19,SUM!FI19,SUM!FM19) -> 0 | R8: =+SUM(SUM!FT19,SUM!FZ19,SUM!GF19) -> 0 | S8: =+SUM(SUM!FU19,SUM!GA19,SUM!GG19) -> 0 | T8: =+SUM(SUM!FV19,SUM!GB19,SUM!GH19) -> 0 | U8: =+SUM(SUM!FW19,SUM!GC19,SUM!GI19) -> 0 | V8: =+SUM(SUM!GV19,SUM!GY19,SUM!HB19,SUM!HE19,SUM!HH19) -> 0 | W8: =+SUM(SUM!HS19,SUM!HW19,SUM!IA19,SUM!IE19,SUM!HO19) -> 0 | X8: =+SUM(SUM!HP19,SUM!HT19,SUM!HX19,SUM!IB19,SUM!IF19) -> 0 | Y8: =+SUM(SUM!IM19,SUM!IQ19,SUM!IU19,SUM!IY19,SUM!II19) -> 0 | Z8: =+SUM(SUM!IN19,SUM!IR19,SUM!IV19,SUM!IZ19,SUM!IJ19) -> 0 | AA8: =+SUM(SUM!JG19,SUM!JK19,SUM!JO19,SUM!JS19,SUM!JC19) -> 0 | AB8: =+SUM(SUM!JH19,SUM!JL19,SUM!JP19,SUM!JT19,SUM!JD19) -> 0 | AC8: =+SUM(SUM!KA19) -> 0 | AD8: =+SUM(SUM!KB19) -> 0 | AE8: =+SUM(SUM!KC19) -> 0 | AF8: =SUM((SUM!KF19,SUM!KI19,SUM!KL19,SUM!KO19,SUM!KR19)) -> 0 | AG8: =SUM(SUM!KU19,SUM!KZ19,SUM!LE19,SUM!LJ19) -> 0 | AH8: =SUM(SUM!KV19,SUM!LA19,SUM!LF19,SUM!LK19) -> 0 | AI8: =SUM(SUM!KW19,SUM!LB19,SUM!LG19,SUM!LL19) -> 0 | AJ8: =SUM(SUM!LO19,SUM!LT19,SUM!LY19,SUM!MD19,SUM!MI19,SUM!MN19,SUM!MS19) -> 0 | AK8: =SUM(SUM!LP19,SUM!LU19,SUM!LZ19,SUM!ME19,SUM!MJ19,SUM!MO19,SUM!MT19) -> 0 | AL8: =SUM(SUM!LQ19,SUM!LV19,SUM!MA19,SUM!MF19,SUM!MK19,SUM!MP19,SUM!MU19) -> 0 | AM8: =SUM(SUM!MY19,SUM!NB19) -> 0 | AO8: =+SUM(SUM!AM19,SUM!AQ19) -> 224 | AP8: =+SUM(SUM!AN19,SUM!AR19) -> 272 | AQ8: =+SUM!AU19 -> 0 | AR8: =+SUM!AV19 -> 0 | AS8: =+SUM!GR19 -> 0 | AT8: =+SUM!GS19 -> 0 | AU8: =+SUM(SUM!HK19) -> 0 | AV8: =+SUM(SUM!HL19) -> 0 | AW8: =+SUM(SUM!FP19) -> 0 | AX8: =+SUM(SUM!FQ19) -> 0 | AY8: =+SUM(SUM!GL19) -> 0 | AZ8: =+SUM(SUM!GM19) -> 0 | BA8: =+SUM(SUM!GN19) -> 0 | BB8: =+SUM(SUM!GO19) -> 0 | BC8: =+SUM(SUM!CS19,SUM!CW19) -> 0 | BD8: =+SUM(SUM!CT19,SUM!CX19) -> 0 | BE8: =+SUM(SUM!JW19) -> 0 | BF8: =+SUM(SUM!JX19) -> 0 | BG8: =+SUM(SUM!BX19,SUM!CB19) -> 0 | BH8: =+SUM(SUM!BY19,SUM!CC19) -> 0 | BI8: =+SUM(SUM!CD19) -> 0 | BJ8: =+SUM(SUM!ET19) -> 0 | BK8: =+SUM(SUM!EU19) -> 0 | BL8: =+SUM(SUM!EV19) -> 0 | BM8: =+SUM(SUM!EW19) -> 0 | BO8: =+P8+AW8 -> 0 | BP8: =+Q8+AX8 -> 0 | BQ8: =+R8+AY8 -> 0 | BR8: =+S8+AZ8 -> 0 | BS8: =+T8+BA8 -> 0 | BT8: =+U8+BB8 -> 0 | BU8: =+I8+BC8 -> 0 | BV8: =+J8+BD8 -> 0 | BW8: =+F8+BG8 -> 0 | BX8: =+G8+BH8 -> 0 | BY8: =+H8+BI8 -> 0 | BZ8: =+L8+BJ8 -> 0 | CA8: =+M8+BK8 -> 0 | CB8: =+N8+BL8 -> 0 | CC8: =+O8+BM8 -> 0
A9: 2025/46 | B9: =SUM(D9:AN9) -> 0 | C9: =SUM(D9:BN9) -> 1414 | D9: =SUM(SUM!W20,SUM!AA20,SUM!AE20,SUM!AI20) -> 0 | E9: =SUM(SUM!X20,SUM!AB20,SUM!AF20,SUM!AJ20) -> 0 | F9: =+SUM(SUM!AY20,SUM!BD20,SUM!BN20,SUM!BS20,SUM!BI20) -> 0 | G9: =+SUM(SUM!AZ20,SUM!BE20,SUM!BO20,SUM!BT20,SUM!BJ20) -> 0 | H9: =+SUM(SUM!BA20,SUM!BF20,SUM!BP20,SUM!BU20,SUM!BK20) -> 0 | I9: =+SUM(SUM!CG20,SUM!CK20,SUM!CO20) -> 0 | J9: =+SUM(SUM!CH20,SUM!CL20,SUM!CP20) -> 0 | K9: =SUM(SUM!DA20,SUM!DD20,SUM!DG20,SUM!DJ20,SUM!DM20) -> 0 | L9: =+SUM(SUM!DP20,SUM!DV20,SUM!EB20,SUM!EH20,SUM!EN20) -> 0 | M9: =+SUM(SUM!DQ20,SUM!DW20,SUM!EC20,SUM!EI20,SUM!EO20) -> 0 | N9: =+SUM(SUM!DR20,SUM!DX20,SUM!ED20,SUM!EJ20,SUM!EP20) -> 0 | O9: =+SUM(SUM!DS20,SUM!DY20,SUM!EE20,SUM!EK20,SUM!EQ20) -> 0 | P9: =+SUM(SUM!EZ20,SUM!FD20,SUM!FH20,SUM!FL20) -> 0 | Q9: =+SUM(SUM!FA20,SUM!FE20,SUM!FI20,SUM!FM20) -> 0 | R9: =+SUM(SUM!FT20,SUM!FZ20,SUM!GF20) -> 0 | S9: =+SUM(SUM!FU20,SUM!GA20,SUM!GG20) -> 0 | T9: =+SUM(SUM!FV20,SUM!GB20,SUM!GH20) -> 0 | U9: =+SUM(SUM!FW20,SUM!GC20,SUM!GI20) -> 0 | V9: =+SUM(SUM!GV20,SUM!GY20,SUM!HB20,SUM!HE20,SUM!HH20) -> 0 | W9: =+SUM(SUM!HS20,SUM!HW20,SUM!IA20,SUM!IE20,SUM!HO20) -> 0 | X9: =+SUM(SUM!HP20,SUM!HT20,SUM!HX20,SUM!IB20,SUM!IF20) -> 0 | Y9: =+SUM(SUM!IM20,SUM!IQ20,SUM!IU20,SUM!IY20,SUM!II20) -> 0 | Z9: =+SUM(SUM!IN20,SUM!IR20,SUM!IV20,SUM!IZ20,SUM!IJ20) -> 0 | AA9: =+SUM(SUM!JG20,SUM!JK20,SUM!JO20,SUM!JS20,SUM!JC20) -> 0 | AB9: =+SUM(SUM!JH20,SUM!JL20,SUM!JP20,SUM!JT20,SUM!JD20) -> 0 | AC9: =+SUM(SUM!KA20) -> 0 | AD9: =+SUM(SUM!KB20) -> 0 | AE9: =+SUM(SUM!KC20) -> 0 | AF9: =SUM((SUM!KF20,SUM!KI20,SUM!KL20,SUM!KO20,SUM!KR20)) -> 0 | AG9: =SUM(SUM!KU20,SUM!KZ20,SUM!LE20,SUM!LJ20) -> 0 | AH9: =SUM(SUM!KV20,SUM!LA20,SUM!LF20,SUM!LK20) -> 0 | AI9: =SUM(SUM!KW20,SUM!LB20,SUM!LG20,SUM!LL20) -> 0 | AJ9: =SUM(SUM!LO20,SUM!LT20,SUM!LY20,SUM!MD20,SUM!MI20,SUM!MN20,SUM!MS20) -> 0 | AK9: =SUM(SUM!LP20,SUM!LU20,SUM!LZ20,SUM!ME20,SUM!MJ20,SUM!MO20,SUM!MT20) -> 0 | AL9: =SUM(SUM!LQ20,SUM!LV20,SUM!MA20,SUM!MF20,SUM!MK20,SUM!MP20,SUM!MU20) -> 0 | AM9: =SUM(SUM!MY20,SUM!NB20) -> 0 | AO9: =+SUM(SUM!AM20,SUM!AQ20) -> 700 | AP9: =+SUM(SUM!AN20,SUM!AR20) -> 714 | AQ9: =+SUM!AU20 -> 0 | AR9: =+SUM!AV20 -> 0 | AS9: =+SUM!GR20 -> 0 | AT9: =+SUM!GS20 -> 0 | AU9: =+SUM(SUM!HK20) -> 0 | AV9: =+SUM(SUM!HL20) -> 0 | AW9: =+SUM(SUM!FP20) -> 0 | AX9: =+SUM(SUM!FQ20) -> 0 | AY9: =+SUM(SUM!GL20) -> 0 | AZ9: =+SUM(SUM!GM20) -> 0 | BA9: =+SUM(SUM!GN20) -> 0 | BB9: =+SUM(SUM!GO20) -> 0 | BC9: =+SUM(SUM!CS20,SUM!CW20) -> 0 | BD9: =+SUM(SUM!CT20,SUM!CX20) -> 0 | BE9: =+SUM(SUM!JW20) -> 0 | BF9: =+SUM(SUM!JX20) -> 0 | BG9: =+SUM(SUM!BX20,SUM!CB20) -> 0 | BH9: =+SUM(SUM!BY20,SUM!CC20) -> 0 | BI9: =+SUM(SUM!CD20) -> 0 | BJ9: =+SUM(SUM!ET20) -> 0 | BK9: =+SUM(SUM!EU20) -> 0 | BL9: =+SUM(SUM!EV20) -> 0 | BM9: =+SUM(SUM!EW20) -> 0 | BO9: =+P9+AW9 -> 0 | BP9: =+Q9+AX9 -> 0 | BQ9: =+R9+AY9 -> 0 | BR9: =+S9+AZ9 -> 0 | BS9: =+T9+BA9 -> 0 | BT9: =+U9+BB9 -> 0 | BU9: =+I9+BC9 -> 0 | BV9: =+J9+BD9 -> 0 | BW9: =+F9+BG9 -> 0 | BX9: =+G9+BH9 -> 0 | BY9: =+H9+BI9 -> 0 | BZ9: =+L9+BJ9 -> 0 | CA9: =+M9+BK9 -> 0 | CB9: =+N9+BL9 -> 0 | CC9: =+O9+BM9 -> 0
A10: 2025/47 | B10: =SUM(D10:AN10) -> 0 | C10: =SUM(D10:BN10) -> 490 | D10: =SUM(SUM!W21,SUM!AA21,SUM!AE21,SUM!AI21) -> 0 | E10: =SUM(SUM!X21,SUM!AB21,SUM!AF21,SUM!AJ21) -> 0 | F10: =+SUM(SUM!AY21,SUM!BD21,SUM!BN21,SUM!BS21,SUM!BI21) -> 0 | G10: =+SUM(SUM!AZ21,SUM!BE21,SUM!BO21,SUM!BT21,SUM!BJ21) -> 0 | H10: =+SUM(SUM!BA21,SUM!BF21,SUM!BP21,SUM!BU21,SUM!BK21) -> 0 | I10: =+SUM(SUM!CG21,SUM!CK21,SUM!CO21) -> 0 | J10: =+SUM(SUM!CH21,SUM!CL21,SUM!CP21) -> 0 | K10: =SUM(SUM!DA21,SUM!DD21,SUM!DG21,SUM!DJ21,SUM!DM21) -> 0 | L10: =+SUM(SUM!DP21,SUM!DV21,SUM!EB21,SUM!EH21,SUM!EN21) -> 0 | M10: =+SUM(SUM!DQ21,SUM!DW21,SUM!EC21,SUM!EI21,SUM!EO21) -> 0 | N10: =+SUM(SUM!DR21,SUM!DX21,SUM!ED21,SUM!EJ21,SUM!EP21) -> 0 | O10: =+SUM(SUM!DS21,SUM!DY21,SUM!EE21,SUM!EK21,SUM!EQ21) -> 0 | P10: =+SUM(SUM!EZ21,SUM!FD21,SUM!FH21,SUM!FL21) -> 0 | Q10: =+SUM(SUM!FA21,SUM!FE21,SUM!FI21,SUM!FM21) -> 0 | R10: =+SUM(SUM!FT21,SUM!FZ21,SUM!GF21) -> 0 | S10: =+SUM(SUM!FU21,SUM!GA21,SUM!GG21) -> 0 | T10: =+SUM(SUM!FV21,SUM!GB21,SUM!GH21) -> 0 | U10: =+SUM(SUM!FW21,SUM!GC21,SUM!GI21) -> 0 | V10: =+SUM(SUM!GV21,SUM!GY21,SUM!HB21,SUM!HE21,SUM!HH21) -> 0 | W10: =+SUM(SUM!HS21,SUM!HW21,SUM!IA21,SUM!IE21,SUM!HO21) -> 0 | X10: =+SUM(SUM!HP21,SUM!HT21,SUM!HX21,SUM!IB21,SUM!IF21) -> 0 | Y10: =+SUM(SUM!IM21,SUM!IQ21,SUM!IU21,SUM!IY21,SUM!II21) -> 0 | Z10: =+SUM(SUM!IN21,SUM!IR21,SUM!IV21,SUM!IZ21,SUM!IJ21) -> 0 | AA10: =+SUM(SUM!JG21,SUM!JK21,SUM!JO21,SUM!JS21,SUM!JC21) -> 0 | AB10: =+SUM(SUM!JH21,SUM!JL21,SUM!JP21,SUM!JT21,SUM!JD21) -> 0 | AC10: =+SUM(SUM!KA21) -> 0 | AD10: =+SUM(SUM!KB21) -> 0 | AE10: =+SUM(SUM!KC21) -> 0 | AF10: =SUM((SUM!KF21,SUM!KI21,SUM!KL21,SUM!KO21,SUM!KR21)) -> 0 | AG10: =SUM(SUM!KU21,SUM!KZ21,SUM!LE21,SUM!LJ21) -> 0 | AH10: =SUM(SUM!KV21,SUM!LA21,SUM!LF21,SUM!LK21) -> 0 | AI10: =SUM(SUM!KW21,SUM!LB21,SUM!LG21,SUM!LL21) -> 0 | AJ10: =SUM(SUM!LO21,SUM!LT21,SUM!LY21,SUM!MD21,SUM!MI21,SUM!MN21,SUM!MS21) -> 0 | AK10: =SUM(SUM!LP21,SUM!LU21,SUM!LZ21,SUM!ME21,SUM!MJ21,SUM!MO21,SUM!MT21) -> 0 | AL10: =SUM(SUM!LQ21,SUM!LV21,SUM!MA21,SUM!MF21,SUM!MK21,SUM!MP21,SUM!MU21) -> 0 | AM10: =SUM(SUM!MY21,SUM!NB21) -> 0 | AO10: =+SUM(SUM!AM21,SUM!AQ21) -> 252 | AP10: =+SUM(SUM!AN21,SUM!AR21) -> 238 | AQ10: =+SUM!AU21 -> 0 | AR10: =+SUM!AV21 -> 0 | AS10: =+SUM!GR21 -> 0 | AT10: =+SUM!GS21 -> 0 | AU10: =+SUM(SUM!HK21) -> 0 | AV10: =+SUM(SUM!HL21) -> 0 | AW10: =+SUM(SUM!FP21) -> 0 | AX10: =+SUM(SUM!FQ21) -> 0 | AY10: =+SUM(SUM!GL21) -> 0 | AZ10: =+SUM(SUM!GM21) -> 0 | BA10: =+SUM(SUM!GN21) -> 0 | BB10: =+SUM(SUM!GO21) -> 0 | BC10: =+SUM(SUM!CS21,SUM!CW21) -> 0 | BD10: =+SUM(SUM!CT21,SUM!CX21) -> 0 | BE10: =+SUM(SUM!JW21) -> 0 | BF10: =+SUM(SUM!JX21) -> 0 | BG10: =+SUM(SUM!BX21,SUM!CB21) -> 0 | BH10: =+SUM(SUM!BY21,SUM!CC21) -> 0 | BI10: =+SUM(SUM!CD21) -> 0 | BJ10: =+SUM(SUM!ET21) -> 0 | BK10: =+SUM(SUM!EU21) -> 0 | BL10: =+SUM(SUM!EV21) -> 0 | BM10: =+SUM(SUM!EW21) -> 0 | BO10: =+P10+AW10 -> 0 | BP10: =+Q10+AX10 -> 0 | BQ10: =+R10+AY10 -> 0 | BR10: =+S10+AZ10 -> 0 | BS10: =+T10+BA10 -> 0 | BT10: =+U10+BB10 -> 0 | BU10: =+I10+BC10 -> 0 | BV10: =+J10+BD10 -> 0 | BW10: =+F10+BG10 -> 0 | BX10: =+G10+BH10 -> 0 | BY10: =+H10+BI10 -> 0 | BZ10: =+L10+BJ10 -> 0 | CA10: =+M10+BK10 -> 0 | CB10: =+N10+BL10 -> 0 | CC10: =+O10+BM10 -> 0
A11: 2025/48 | B11: =SUM(D11:AN11) -> 0 | C11: =SUM(D11:BN11) -> 0 | D11: =SUM(SUM!W22,SUM!AA22,SUM!AE22,SUM!AI22) -> 0 | E11: =SUM(SUM!X22,SUM!AB22,SUM!AF22,SUM!AJ22) -> 0 | F11: =+SUM(SUM!AY22,SUM!BD22,SUM!BN22,SUM!BS22,SUM!BI22) -> 0 | G11: =+SUM(SUM!AZ22,SUM!BE22,SUM!BO22,SUM!BT22,SUM!BJ22) -> 0 | H11: =+SUM(SUM!BA22,SUM!BF22,SUM!BP22,SUM!BU22,SUM!BK22) -> 0 | I11: =+SUM(SUM!CG22,SUM!CK22,SUM!CO22) -> 0 | J11: =+SUM(SUM!CH22,SUM!CL22,SUM!CP22) -> 0 | K11: =SUM(SUM!DA22,SUM!DD22,SUM!DG22,SUM!DJ22,SUM!DM22) -> 0 | L11: =+SUM(SUM!DP22,SUM!DV22,SUM!EB22,SUM!EH22,SUM!EN22) -> 0 | M11: =+SUM(SUM!DQ22,SUM!DW22,SUM!EC22,SUM!EI22,SUM!EO22) -> 0 | N11: =+SUM(SUM!DR22,SUM!DX22,SUM!ED22,SUM!EJ22,SUM!EP22) -> 0 | O11: =+SUM(SUM!DS22,SUM!DY22,SUM!EE22,SUM!EK22,SUM!EQ22) -> 0 | P11: =+SUM(SUM!EZ22,SUM!FD22,SUM!FH22,SUM!FL22) -> 0 | Q11: =+SUM(SUM!FA22,SUM!FE22,SUM!FI22,SUM!FM22) -> 0 | R11: =+SUM(SUM!FT22,SUM!FZ22,SUM!GF22) -> 0 | S11: =+SUM(SUM!FU22,SUM!GA22,SUM!GG22) -> 0 | T11: =+SUM(SUM!FV22,SUM!GB22,SUM!GH22) -> 0 | U11: =+SUM(SUM!FW22,SUM!GC22,SUM!GI22) -> 0 | V11: =+SUM(SUM!GV22,SUM!GY22,SUM!HB22,SUM!HE22,SUM!HH22) -> 0 | W11: =+SUM(SUM!HS22,SUM!HW22,SUM!IA22,SUM!IE22,SUM!HO22) -> 0 | X11: =+SUM(SUM!HP22,SUM!HT22,SUM!HX22,SUM!IB22,SUM!IF22) -> 0 | Y11: =+SUM(SUM!IM22,SUM!IQ22,SUM!IU22,SUM!IY22,SUM!II22) -> 0 | Z11: =+SUM(SUM!IN22,SUM!IR22,SUM!IV22,SUM!IZ22,SUM!IJ22) -> 0 | AA11: =+SUM(SUM!JG22,SUM!JK22,SUM!JO22,SUM!JS22,SUM!JC22) -> 0 | AB11: =+SUM(SUM!JH22,SUM!JL22,SUM!JP22,SUM!JT22,SUM!JD22) -> 0 | AC11: =+SUM(SUM!KA22) -> 0 | AD11: =+SUM(SUM!KB22) -> 0 | AE11: =+SUM(SUM!KC22) -> 0 | AF11: =SUM((SUM!KF22,SUM!KI22,SUM!KL22,SUM!KO22,SUM!KR22)) -> 0 | AG11: =SUM(SUM!KU22,SUM!KZ22,SUM!LE22,SUM!LJ22) -> 0 | AH11: =SUM(SUM!KV22,SUM!LA22,SUM!LF22,SUM!LK22) -> 0 | AI11: =SUM(SUM!KW22,SUM!LB22,SUM!LG22,SUM!LL22) -> 0 | AJ11: =SUM(SUM!LO22,SUM!LT22,SUM!LY22,SUM!MD22,SUM!MI22,SUM!MN22,SUM!MS22) -> 0 | AK11: =SUM(SUM!LP22,SUM!LU22,SUM!LZ22,SUM!ME22,SUM!MJ22,SUM!MO22,SUM!MT22) -> 0 | AL11: =SUM(SUM!LQ22,SUM!LV22,SUM!MA22,SUM!MF22,SUM!MK22,SUM!MP22,SUM!MU22) -> 0 | AM11: =SUM(SUM!MY22,SUM!NB22) -> 0 | AO11: =+SUM(SUM!AM22,SUM!AQ22) -> 0 | AP11: =+SUM(SUM!AN22,SUM!AR22) -> 0 | AQ11: =+SUM!AU22 -> 0 | AR11: =+SUM!AV22 -> 0 | AS11: =+SUM!GR22 -> 0 | AT11: =+SUM!GS22 -> 0 | AU11: =+SUM(SUM!HK22) -> 0 | AV11: =+SUM(SUM!HL22) -> 0 | AW11: =+SUM(SUM!FP22) -> 0 | AX11: =+SUM(SUM!FQ22) -> 0 | AY11: =+SUM(SUM!GL22) -> 0 | AZ11: =+SUM(SUM!GM22) -> 0 | BA11: =+SUM(SUM!GN22) -> 0 | BB11: =+SUM(SUM!GO22) -> 0 | BC11: =+SUM(SUM!CS22,SUM!CW22) -> 0 | BD11: =+SUM(SUM!CT22,SUM!CX22) -> 0 | BE11: =+SUM(SUM!JW22) -> 0 | BF11: =+SUM(SUM!JX22) -> 0 | BG11: =+SUM(SUM!BX22,SUM!CB22) -> 0 | BH11: =+SUM(SUM!BY22,SUM!CC22) -> 0 | BI11: =+SUM(SUM!CD22) -> 0 | BJ11: =+SUM(SUM!ET22) -> 0 | BK11: =+SUM(SUM!EU22) -> 0 | BL11: =+SUM(SUM!EV22) -> 0 | BM11: =+SUM(SUM!EW22) -> 0 | BO11: =+P11+AW11 -> 0 | BP11: =+Q11+AX11 -> 0 | BQ11: =+R11+AY11 -> 0 | BR11: =+S11+AZ11 -> 0 | BS11: =+T11+BA11 -> 0 | BT11: =+U11+BB11 -> 0 | BU11: =+I11+BC11 -> 0 | BV11: =+J11+BD11 -> 0 | BW11: =+F11+BG11 -> 0 | BX11: =+G11+BH11 -> 0 | BY11: =+H11+BI11 -> 0 | BZ11: =+L11+BJ11 -> 0 | CA11: =+M11+BK11 -> 0 | CB11: =+N11+BL11 -> 0 | CC11: =+O11+BM11 -> 0
A12: 2025/49 | B12: =SUM(D12:AN12) -> 0 | C12: =SUM(D12:BN12) -> 0 | D12: =SUM(SUM!W23,SUM!AA23,SUM!AE23,SUM!AI23) -> 0 | E12: =SUM(SUM!X23,SUM!AB23,SUM!AF23,SUM!AJ23) -> 0 | F12: =+SUM(SUM!AY23,SUM!BD23,SUM!BN23,SUM!BS23,SUM!BI23) -> 0 | G12: =+SUM(SUM!AZ23,SUM!BE23,SUM!BO23,SUM!BT23,SUM!BJ23) -> 0 | H12: =+SUM(SUM!BA23,SUM!BF23,SUM!BP23,SUM!BU23,SUM!BK23) -> 0 | I12: =+SUM(SUM!CG23,SUM!CK23,SUM!CO23) -> 0 | J12: =+SUM(SUM!CH23,SUM!CL23,SUM!CP23) -> 0 | K12: =SUM(SUM!DA23,SUM!DD23,SUM!DG23,SUM!DJ23,SUM!DM23) -> 0 | L12: =+SUM(SUM!DP23,SUM!DV23,SUM!EB23,SUM!EH23,SUM!EN23) -> 0 | M12: =+SUM(SUM!DQ23,SUM!DW23,SUM!EC23,SUM!EI23,SUM!EO23) -> 0 | N12: =+SUM(SUM!DR23,SUM!DX23,SUM!ED23,SUM!EJ23,SUM!EP23) -> 0 | O12: =+SUM(SUM!DS23,SUM!DY23,SUM!EE23,SUM!EK23,SUM!EQ23) -> 0 | P12: =+SUM(SUM!EZ23,SUM!FD23,SUM!FH23,SUM!FL23) -> 0 | Q12: =+SUM(SUM!FA23,SUM!FE23,SUM!FI23,SUM!FM23) -> 0 | R12: =+SUM(SUM!FT23,SUM!FZ23,SUM!GF23) -> 0 | S12: =+SUM(SUM!FU23,SUM!GA23,SUM!GG23) -> 0 | T12: =+SUM(SUM!FV23,SUM!GB23,SUM!GH23) -> 0 | U12: =+SUM(SUM!FW23,SUM!GC23,SUM!GI23) -> 0 | V12: =+SUM(SUM!GV23,SUM!GY23,SUM!HB23,SUM!HE23,SUM!HH23) -> 0 | W12: =+SUM(SUM!HS23,SUM!HW23,SUM!IA23,SUM!IE23,SUM!HO23) -> 0 | X12: =+SUM(SUM!HP23,SUM!HT23,SUM!HX23,SUM!IB23,SUM!IF23) -> 0 | Y12: =+SUM(SUM!IM23,SUM!IQ23,SUM!IU23,SUM!IY23,SUM!II23) -> 0 | Z12: =+SUM(SUM!IN23,SUM!IR23,SUM!IV23,SUM!IZ23,SUM!IJ23) -> 0 | AA12: =+SUM(SUM!JG23,SUM!JK23,SUM!JO23,SUM!JS23,SUM!JC23) -> 0 | AB12: =+SUM(SUM!JH23,SUM!JL23,SUM!JP23,SUM!JT23,SUM!JD23) -> 0 | AC12: =+SUM(SUM!KA23) -> 0 | AD12: =+SUM(SUM!KB23) -> 0 | AE12: =+SUM(SUM!KC23) -> 0 | AF12: =SUM((SUM!KF23,SUM!KI23,SUM!KL23,SUM!KO23,SUM!KR23)) -> 0 | AG12: =SUM(SUM!KU23,SUM!KZ23,SUM!LE23,SUM!LJ23) -> 0 | AH12: =SUM(SUM!KV23,SUM!LA23,SUM!LF23,SUM!LK23) -> 0 | AI12: =SUM(SUM!KW23,SUM!LB23,SUM!LG23,SUM!LL23) -> 0 | AJ12: =SUM(SUM!LO23,SUM!LT23,SUM!LY23,SUM!MD23,SUM!MI23,SUM!MN23,SUM!MS23) -> 0 | AK12: =SUM(SUM!LP23,SUM!LU23,SUM!LZ23,SUM!ME23,SUM!MJ23,SUM!MO23,SUM!MT23) -> 0 | AL12: =SUM(SUM!LQ23,SUM!LV23,SUM!MA23,SUM!MF23,SUM!MK23,SUM!MP23,SUM!MU23) -> 0 | AM12: =SUM(SUM!MY23,SUM!NB23) -> 0 | AO12: =+SUM(SUM!AM23,SUM!AQ23) -> 0 | AP12: =+SUM(SUM!AN23,SUM!AR23) -> 0 | AQ12: =+SUM!AU23 -> 0 | AR12: =+SUM!AV23 -> 0 | AS12: =+SUM!GR23 -> 0 | AT12: =+SUM!GS23 -> 0 | AU12: =+SUM(SUM!HK23) -> 0 | AV12: =+SUM(SUM!HL23) -> 0 | AW12: =+SUM(SUM!FP23) -> 0 | AX12: =+SUM(SUM!FQ23) -> 0 | AY12: =+SUM(SUM!GL23) -> 0 | AZ12: =+SUM(SUM!GM23) -> 0 | BA12: =+SUM(SUM!GN23) -> 0 | BB12: =+SUM(SUM!GO23) -> 0 | BC12: =+SUM(SUM!CS23,SUM!CW23) -> 0 | BD12: =+SUM(SUM!CT23,SUM!CX23) -> 0 | BE12: =+SUM(SUM!JW23) -> 0 | BF12: =+SUM(SUM!JX23) -> 0 | BG12: =+SUM(SUM!BX23,SUM!CB23) -> 0 | BH12: =+SUM(SUM!BY23,SUM!CC23) -> 0 | BI12: =+SUM(SUM!CD23) -> 0 | BJ12: =+SUM(SUM!ET23) -> 0 | BK12: =+SUM(SUM!EU23) -> 0 | BL12: =+SUM(SUM!EV23) -> 0 | BM12: =+SUM(SUM!EW23) -> 0 | BO12: =+P12+AW12 -> 0 | BP12: =+Q12+AX12 -> 0 | BQ12: =+R12+AY12 -> 0 | BR12: =+S12+AZ12 -> 0 | BS12: =+T12+BA12 -> 0 | BT12: =+U12+BB12 -> 0 | BU12: =+I12+BC12 -> 0 | BV12: =+J12+BD12 -> 0 | BW12: =+F12+BG12 -> 0 | BX12: =+G12+BH12 -> 0 | BY12: =+H12+BI12 -> 0 | BZ12: =+L12+BJ12 -> 0 | CA12: =+M12+BK12 -> 0 | CB12: =+N12+BL12 -> 0 | CC12: =+O12+BM12 -> 0
A13: 2025/50 | B13: =SUM(D13:AN13) -> 936 | C13: =SUM(D13:BN13) -> 936 | D13: =SUM(SUM!W24,SUM!AA24,SUM!AE24,SUM!AI24) -> 0 | E13: =SUM(SUM!X24,SUM!AB24,SUM!AF24,SUM!AJ24) -> 0 | F13: =+SUM(SUM!AY24,SUM!BD24,SUM!BN24,SUM!BS24,SUM!BI24) -> 312 | G13: =+SUM(SUM!AZ24,SUM!BE24,SUM!BO24,SUM!BT24,SUM!BJ24) -> 312 | H13: =+SUM(SUM!BA24,SUM!BF24,SUM!BP24,SUM!BU24,SUM!BK24) -> 312 | I13: =+SUM(SUM!CG24,SUM!CK24,SUM!CO24) -> 0 | J13: =+SUM(SUM!CH24,SUM!CL24,SUM!CP24) -> 0 | K13: =SUM(SUM!DA24,SUM!DD24,SUM!DG24,SUM!DJ24,SUM!DM24) -> 0 | L13: =+SUM(SUM!DP24,SUM!DV24,SUM!EB24,SUM!EH24,SUM!EN24) -> 0 | M13: =+SUM(SUM!DQ24,SUM!DW24,SUM!EC24,SUM!EI24,SUM!EO24) -> 0 | N13: =+SUM(SUM!DR24,SUM!DX24,SUM!ED24,SUM!EJ24,SUM!EP24) -> 0 | O13: =+SUM(SUM!DS24,SUM!DY24,SUM!EE24,SUM!EK24,SUM!EQ24) -> 0 | P13: =+SUM(SUM!EZ24,SUM!FD24,SUM!FH24,SUM!FL24) -> 0 | Q13: =+SUM(SUM!FA24,SUM!FE24,SUM!FI24,SUM!FM24) -> 0 | R13: =+SUM(SUM!FT24,SUM!FZ24,SUM!GF24) -> 0 | S13: =+SUM(SUM!FU24,SUM!GA24,SUM!GG24) -> 0 | T13: =+SUM(SUM!FV24,SUM!GB24,SUM!GH24) -> 0 | U13: =+SUM(SUM!FW24,SUM!GC24,SUM!GI24) -> 0 | V13: =+SUM(SUM!GV24,SUM!GY24,SUM!HB24,SUM!HE24,SUM!HH24) -> 0 | W13: =+SUM(SUM!HS24,SUM!HW24,SUM!IA24,SUM!IE24,SUM!HO24) -> 0 | X13: =+SUM(SUM!HP24,SUM!HT24,SUM!HX24,SUM!IB24,SUM!IF24) -> 0 | Y13: =+SUM(SUM!IM24,SUM!IQ24,SUM!IU24,SUM!IY24,SUM!II24) -> 0 | Z13: =+SUM(SUM!IN24,SUM!IR24,SUM!IV24,SUM!IZ24,SUM!IJ24) -> 0 | AA13: =+SUM(SUM!JG24,SUM!JK24,SUM!JO24,SUM!JS24,SUM!JC24) -> 0 | AB13: =+SUM(SUM!JH24,SUM!JL24,SUM!JP24,SUM!JT24,SUM!JD24) -> 0 | AC13: =+SUM(SUM!KA24) -> 0 | AD13: =+SUM(SUM!KB24) -> 0 | AE13: =+SUM(SUM!KC24) -> 0 | AF13: =SUM((SUM!KF24,SUM!KI24,SUM!KL24,SUM!KO24,SUM!KR24)) -> 0 | AG13: =SUM(SUM!KU24,SUM!KZ24,SUM!LE24,SUM!LJ24) -> 0 | AH13: =SUM(SUM!KV24,SUM!LA24,SUM!LF24,SUM!LK24) -> 0 | AI13: =SUM(SUM!KW24,SUM!LB24,SUM!LG24,SUM!LL24) -> 0 | AJ13: =SUM(SUM!LO24,SUM!LT24,SUM!LY24,SUM!MD24,SUM!MI24,SUM!MN24,SUM!MS24) -> 0 | AK13: =SUM(SUM!LP24,SUM!LU24,SUM!LZ24,SUM!ME24,SUM!MJ24,SUM!MO24,SUM!MT24) -> 0 | AL13: =SUM(SUM!LQ24,SUM!LV24,SUM!MA24,SUM!MF24,SUM!MK24,SUM!MP24,SUM!MU24) -> 0 | AM13: =SUM(SUM!MY24,SUM!NB24) -> 0 | AO13: =+SUM(SUM!AM24,SUM!AQ24) -> 0 | AP13: =+SUM(SUM!AN24,SUM!AR24) -> 0 | AQ13: =+SUM!AU24 -> 0 | AR13: =+SUM!AV24 -> 0 | AS13: =+SUM!GR24 -> 0 | AT13: =+SUM!GS24 -> 0 | AU13: =+SUM(SUM!HK24) -> 0 | AV13: =+SUM(SUM!HL24) -> 0 | AW13: =+SUM(SUM!FP24) -> 0 | AX13: =+SUM(SUM!FQ24) -> 0 | AY13: =+SUM(SUM!GL24) -> 0 | AZ13: =+SUM(SUM!GM24) -> 0 | BA13: =+SUM(SUM!GN24) -> 0 | BB13: =+SUM(SUM!GO24) -> 0 | BC13: =+SUM(SUM!CS24,SUM!CW24) -> 0 | BD13: =+SUM(SUM!CT24,SUM!CX24) -> 0 | BE13: =+SUM(SUM!JW24) -> 0 | BF13: =+SUM(SUM!JX24) -> 0 | BG13: =+SUM(SUM!BX24,SUM!CB24) -> 0 | BH13: =+SUM(SUM!BY24,SUM!CC24) -> 0 | BI13: =+SUM(SUM!CD24) -> 0 | BJ13: =+SUM(SUM!ET24) -> 0 | BK13: =+SUM(SUM!EU24) -> 0 | BL13: =+SUM(SUM!EV24) -> 0 | BM13: =+SUM(SUM!EW24) -> 0 | BO13: =+P13+AW13 -> 0 | BP13: =+Q13+AX13 -> 0 | BQ13: =+R13+AY13 -> 0 | BR13: =+S13+AZ13 -> 0 | BS13: =+T13+BA13 -> 0 | BT13: =+U13+BB13 -> 0 | BU13: =+I13+BC13 -> 0 | BV13: =+J13+BD13 -> 0 | BW13: =+F13+BG13 -> 312 | BX13: =+G13+BH13 -> 312 | BY13: =+H13+BI13 -> 312 | BZ13: =+L13+BJ13 -> 0 | CA13: =+M13+BK13 -> 0 | CB13: =+N13+BL13 -> 0 | CC13: =+O13+BM13 -> 0
A14: 2025/51 | B14: =SUM(D14:AN14) -> 0 | C14: =SUM(D14:BN14) -> 0 | D14: =SUM(SUM!W25,SUM!AA25,SUM!AE25,SUM!AI25) -> 0 | E14: =SUM(SUM!X25,SUM!AB25,SUM!AF25,SUM!AJ25) -> 0 | F14: =+SUM(SUM!AY25,SUM!BD25,SUM!BN25,SUM!BS25,SUM!BI25) -> 0 | G14: =+SUM(SUM!AZ25,SUM!BE25,SUM!BO25,SUM!BT25,SUM!BJ25) -> 0 | H14: =+SUM(SUM!BA25,SUM!BF25,SUM!BP25,SUM!BU25,SUM!BK25) -> 0 | I14: =+SUM(SUM!CG25,SUM!CK25,SUM!CO25) -> 0 | J14: =+SUM(SUM!CH25,SUM!CL25,SUM!CP25) -> 0 | K14: =SUM(SUM!DA25,SUM!DD25,SUM!DG25,SUM!DJ25,SUM!DM25) -> 0 | L14: =+SUM(SUM!DP25,SUM!DV25,SUM!EB25,SUM!EH25,SUM!EN25) -> 0 | M14: =+SUM(SUM!DQ25,SUM!DW25,SUM!EC25,SUM!EI25,SUM!EO25) -> 0 | N14: =+SUM(SUM!DR25,SUM!DX25,SUM!ED25,SUM!EJ25,SUM!EP25) -> 0 | O14: =+SUM(SUM!DS25,SUM!DY25,SUM!EE25,SUM!EK25,SUM!EQ25) -> 0 | P14: =+SUM(SUM!EZ25,SUM!FD25,SUM!FH25,SUM!FL25) -> 0 | Q14: =+SUM(SUM!FA25,SUM!FE25,SUM!FI25,SUM!FM25) -> 0 | R14: =+SUM(SUM!FT25,SUM!FZ25,SUM!GF25) -> 0 | S14: =+SUM(SUM!FU25,SUM!GA25,SUM!GG25) -> 0 | T14: =+SUM(SUM!FV25,SUM!GB25,SUM!GH25) -> 0 | U14: =+SUM(SUM!FW25,SUM!GC25,SUM!GI25) -> 0 | V14: =+SUM(SUM!GV25,SUM!GY25,SUM!HB25,SUM!HE25,SUM!HH25) -> 0 | W14: =+SUM(SUM!HS25,SUM!HW25,SUM!IA25,SUM!IE25,SUM!HO25) -> 0 | X14: =+SUM(SUM!HP25,SUM!HT25,SUM!HX25,SUM!IB25,SUM!IF25) -> 0 | Y14: =+SUM(SUM!IM25,SUM!IQ25,SUM!IU25,SUM!IY25,SUM!II25) -> 0 | Z14: =+SUM(SUM!IN25,SUM!IR25,SUM!IV25,SUM!IZ25,SUM!IJ25) -> 0 | AA14: =+SUM(SUM!JG25,SUM!JK25,SUM!JO25,SUM!JS25,SUM!JC25) -> 0 | AB14: =+SUM(SUM!JH25,SUM!JL25,SUM!JP25,SUM!JT25,SUM!JD25) -> 0 | AC14: =+SUM(SUM!KA25) -> 0 | AD14: =+SUM(SUM!KB25) -> 0 | AE14: =+SUM(SUM!KC25) -> 0 | AF14: =SUM((SUM!KF25,SUM!KI25,SUM!KL25,SUM!KO25,SUM!KR25)) -> 0 | AG14: =SUM(SUM!KU25,SUM!KZ25,SUM!LE25,SUM!LJ25) -> 0 | AH14: =SUM(SUM!KV25,SUM!LA25,SUM!LF25,SUM!LK25) -> 0 | AI14: =SUM(SUM!KW25,SUM!LB25,SUM!LG25,SUM!LL25) -> 0 | AJ14: =SUM(SUM!LO25,SUM!LT25,SUM!LY25,SUM!MD25,SUM!MI25,SUM!MN25,SUM!MS25) -> 0 | AK14: =SUM(SUM!LP25,SUM!LU25,SUM!LZ25,SUM!ME25,SUM!MJ25,SUM!MO25,SUM!MT25) -> 0 | AL14: =SUM(SUM!LQ25,SUM!LV25,SUM!MA25,SUM!MF25,SUM!MK25,SUM!MP25,SUM!MU25) -> 0 | AM14: =SUM(SUM!MY25,SUM!NB25) -> 0 | AO14: =+SUM(SUM!AM25,SUM!AQ25) -> 0 | AP14: =+SUM(SUM!AN25,SUM!AR25) -> 0 | AQ14: =+SUM!AU25 -> 0 | AR14: =+SUM!AV25 -> 0 | AS14: =+SUM!GR25 -> 0 | AT14: =+SUM!GS25 -> 0 | AU14: =+SUM(SUM!HK25) -> 0 | AV14: =+SUM(SUM!HL25) -> 0 | AW14: =+SUM(SUM!FP25) -> 0 | AX14: =+SUM(SUM!FQ25) -> 0 | AY14: =+SUM(SUM!GL25) -> 0 | AZ14: =+SUM(SUM!GM25) -> 0 | BA14: =+SUM(SUM!GN25) -> 0 | BB14: =+SUM(SUM!GO25) -> 0 | BC14: =+SUM(SUM!CS25,SUM!CW25) -> 0 | BD14: =+SUM(SUM!CT25,SUM!CX25) -> 0 | BE14: =+SUM(SUM!JW25) -> 0 | BF14: =+SUM(SUM!JX25) -> 0 | BG14: =+SUM(SUM!BX25,SUM!CB25) -> 0 | BH14: =+SUM(SUM!BY25,SUM!CC25) -> 0 | BI14: =+SUM(SUM!CD25) -> 0 | BJ14: =+SUM(SUM!ET25) -> 0 | BK14: =+SUM(SUM!EU25) -> 0 | BL14: =+SUM(SUM!EV25) -> 0 | BM14: =+SUM(SUM!EW25) -> 0 | BO14: =+P14+AW14 -> 0 | BP14: =+Q14+AX14 -> 0 | BQ14: =+R14+AY14 -> 0 | BR14: =+S14+AZ14 -> 0 | BS14: =+T14+BA14 -> 0 | BT14: =+U14+BB14 -> 0 | BU14: =+I14+BC14 -> 0 | BV14: =+J14+BD14 -> 0 | BW14: =+F14+BG14 -> 0 | BX14: =+G14+BH14 -> 0 | BY14: =+H14+BI14 -> 0 | BZ14: =+L14+BJ14 -> 0 | CA14: =+M14+BK14 -> 0 | CB14: =+N14+BL14 -> 0 | CC14: =+O14+BM14 -> 0
A15: 2025/52 | B15: =SUM(D15:AN15) -> 936 | C15: =SUM(D15:BN15) -> 936 | D15: =SUM(SUM!W26,SUM!AA26,SUM!AE26,SUM!AI26) -> 0 | E15: =SUM(SUM!X26,SUM!AB26,SUM!AF26,SUM!AJ26) -> 0 | F15: =+SUM(SUM!AY26,SUM!BD26,SUM!BN26,SUM!BS26,SUM!BI26) -> 312 | G15: =+SUM(SUM!AZ26,SUM!BE26,SUM!BO26,SUM!BT26,SUM!BJ26) -> 312 | H15: =+SUM(SUM!BA26,SUM!BF26,SUM!BP26,SUM!BU26,SUM!BK26) -> 312 | I15: =+SUM(SUM!CG26,SUM!CK26,SUM!CO26) -> 0 | J15: =+SUM(SUM!CH26,SUM!CL26,SUM!CP26) -> 0 | K15: =SUM(SUM!DA26,SUM!DD26,SUM!DG26,SUM!DJ26,SUM!DM26) -> 0 | L15: =+SUM(SUM!DP26,SUM!DV26,SUM!EB26,SUM!EH26,SUM!EN26) -> 0 | M15: =+SUM(SUM!DQ26,SUM!DW26,SUM!EC26,SUM!EI26,SUM!EO26) -> 0 | N15: =+SUM(SUM!DR26,SUM!DX26,SUM!ED26,SUM!EJ26,SUM!EP26) -> 0 | O15: =+SUM(SUM!DS26,SUM!DY26,SUM!EE26,SUM!EK26,SUM!EQ26) -> 0 | P15: =+SUM(SUM!EZ26,SUM!FD26,SUM!FH26,SUM!FL26) -> 0 | Q15: =+SUM(SUM!FA26,SUM!FE26,SUM!FI26,SUM!FM26) -> 0 | R15: =+SUM(SUM!FT26,SUM!FZ26,SUM!GF26) -> 0 | S15: =+SUM(SUM!FU26,SUM!GA26,SUM!GG26) -> 0 | T15: =+SUM(SUM!FV26,SUM!GB26,SUM!GH26) -> 0 | U15: =+SUM(SUM!FW26,SUM!GC26,SUM!GI26) -> 0 | V15: =+SUM(SUM!GV26,SUM!GY26,SUM!HB26,SUM!HE26,SUM!HH26) -> 0 | W15: =+SUM(SUM!HS26,SUM!HW26,SUM!IA26,SUM!IE26,SUM!HO26) -> 0 | X15: =+SUM(SUM!HP26,SUM!HT26,SUM!HX26,SUM!IB26,SUM!IF26) -> 0 | Y15: =+SUM(SUM!IM26,SUM!IQ26,SUM!IU26,SUM!IY26,SUM!II26) -> 0 | Z15: =+SUM(SUM!IN26,SUM!IR26,SUM!IV26,SUM!IZ26,SUM!IJ26) -> 0 | AA15: =+SUM(SUM!JG26,SUM!JK26,SUM!JO26,SUM!JS26,SUM!JC26) -> 0 | AB15: =+SUM(SUM!JH26,SUM!JL26,SUM!JP26,SUM!JT26,SUM!JD26) -> 0 | AC15: =+SUM(SUM!KA26) -> 0 | AD15: =+SUM(SUM!KB26) -> 0 | AE15: =+SUM(SUM!KC26) -> 0 | AF15: =SUM((SUM!KF26,SUM!KI26,SUM!KL26,SUM!KO26,SUM!KR26)) -> 0 | AG15: =SUM(SUM!KU26,SUM!KZ26,SUM!LE26,SUM!LJ26) -> 0 | AH15: =SUM(SUM!KV26,SUM!LA26,SUM!LF26,SUM!LK26) -> 0 | AI15: =SUM(SUM!KW26,SUM!LB26,SUM!LG26,SUM!LL26) -> 0 | AJ15: =SUM(SUM!LO26,SUM!LT26,SUM!LY26,SUM!MD26,SUM!MI26,SUM!MN26,SUM!MS26) -> 0 | AK15: =SUM(SUM!LP26,SUM!LU26,SUM!LZ26,SUM!ME26,SUM!MJ26,SUM!MO26,SUM!MT26) -> 0 | AL15: =SUM(SUM!LQ26,SUM!LV26,SUM!MA26,SUM!MF26,SUM!MK26,SUM!MP26,SUM!MU26) -> 0 | AM15: =SUM(SUM!MY26,SUM!NB26) -> 0 | AO15: =+SUM(SUM!AM26,SUM!AQ26) -> 0 | AP15: =+SUM(SUM!AN26,SUM!AR26) -> 0 | AQ15: =+SUM!AU26 -> 0 | AR15: =+SUM!AV26 -> 0 | AS15: =+SUM!GR26 -> 0 | AT15: =+SUM!GS26 -> 0 | AU15: =+SUM(SUM!HK26) -> 0 | AV15: =+SUM(SUM!HL26) -> 0 | AW15: =+SUM(SUM!FP26) -> 0 | AX15: =+SUM(SUM!FQ26) -> 0 | AY15: =+SUM(SUM!GL26) -> 0 | AZ15: =+SUM(SUM!GM26) -> 0 | BA15: =+SUM(SUM!GN26) -> 0 | BB15: =+SUM(SUM!GO26) -> 0 | BC15: =+SUM(SUM!CS26,SUM!CW26) -> 0 | BD15: =+SUM(SUM!CT26,SUM!CX26) -> 0 | BE15: =+SUM(SUM!JW26) -> 0 | BF15: =+SUM(SUM!JX26) -> 0 | BG15: =+SUM(SUM!BX26,SUM!CB26) -> 0 | BH15: =+SUM(SUM!BY26,SUM!CC26) -> 0 | BI15: =+SUM(SUM!CD26) -> 0 | BJ15: =+SUM(SUM!ET26) -> 0 | BK15: =+SUM(SUM!EU26) -> 0 | BL15: =+SUM(SUM!EV26) -> 0 | BM15: =+SUM(SUM!EW26) -> 0 | BO15: =+P15+AW15 -> 0 | BP15: =+Q15+AX15 -> 0 | BQ15: =+R15+AY15 -> 0 | BR15: =+S15+AZ15 -> 0 | BS15: =+T15+BA15 -> 0 | BT15: =+U15+BB15 -> 0 | BU15: =+I15+BC15 -> 0 | BV15: =+J15+BD15 -> 0 | BW15: =+F15+BG15 -> 312 | BX15: =+G15+BH15 -> 312 | BY15: =+H15+BI15 -> 312 | BZ15: =+L15+BJ15 -> 0 | CA15: =+M15+BK15 -> 0 | CB15: =+N15+BL15 -> 0 | CC15: =+O15+BM15 -> 0
A16: 2026/01 | B16: =SUM(D16:AN16) -> 0 | C16: =SUM(D16:BN16) -> 477.6 | D16: =SUM(SUM!W27,SUM!AA27,SUM!AE27,SUM!AI27) -> 0 | E16: =SUM(SUM!X27,SUM!AB27,SUM!AF27,SUM!AJ27) -> 0 | F16: =+SUM(SUM!AY27,SUM!BD27,SUM!BN27,SUM!BS27,SUM!BI27) -> 0 | G16: =+SUM(SUM!AZ27,SUM!BE27,SUM!BO27,SUM!BT27,SUM!BJ27) -> 0 | H16: =+SUM(SUM!BA27,SUM!BF27,SUM!BP27,SUM!BU27,SUM!BK27) -> 0 | I16: =+SUM(SUM!CG27,SUM!CK27,SUM!CO27) -> 0 | J16: =+SUM(SUM!CH27,SUM!CL27,SUM!CP27) -> 0 | K16: =SUM(SUM!DA27,SUM!DD27,SUM!DG27,SUM!DJ27,SUM!DM27) -> 0 | L16: =+SUM(SUM!DP27,SUM!DV27,SUM!EB27,SUM!EH27,SUM!EN27) -> 0 | M16: =+SUM(SUM!DQ27,SUM!DW27,SUM!EC27,SUM!EI27,SUM!EO27) -> 0 | N16: =+SUM(SUM!DR27,SUM!DX27,SUM!ED27,SUM!EJ27,SUM!EP27) -> 0 | O16: =+SUM(SUM!DS27,SUM!DY27,SUM!EE27,SUM!EK27,SUM!EQ27) -> 0 | P16: =+SUM(SUM!EZ27,SUM!FD27,SUM!FH27,SUM!FL27) -> 0 | Q16: =+SUM(SUM!FA27,SUM!FE27,SUM!FI27,SUM!FM27) -> 0 | R16: =+SUM(SUM!FT27,SUM!FZ27,SUM!GF27) -> 0 | S16: =+SUM(SUM!FU27,SUM!GA27,SUM!GG27) -> 0 | T16: =+SUM(SUM!FV27,SUM!GB27,SUM!GH27) -> 0 | U16: =+SUM(SUM!FW27,SUM!GC27,SUM!GI27) -> 0 | V16: =+SUM(SUM!GV27,SUM!GY27,SUM!HB27,SUM!HE27,SUM!HH27) -> 0 | W16: =+SUM(SUM!HS27,SUM!HW27,SUM!IA27,SUM!IE27,SUM!HO27) -> 0 | X16: =+SUM(SUM!HP27,SUM!HT27,SUM!HX27,SUM!IB27,SUM!IF27) -> 0 | Y16: =+SUM(SUM!IM27,SUM!IQ27,SUM!IU27,SUM!IY27,SUM!II27) -> 0 | Z16: =+SUM(SUM!IN27,SUM!IR27,SUM!IV27,SUM!IZ27,SUM!IJ27) -> 0 | AA16: =+SUM(SUM!JG27,SUM!JK27,SUM!JO27,SUM!JS27,SUM!JC27) -> 0 | AB16: =+SUM(SUM!JH27,SUM!JL27,SUM!JP27,SUM!JT27,SUM!JD27) -> 0 | AC16: =+SUM(SUM!KA27) -> 0 | AD16: =+SUM(SUM!KB27) -> 0 | AE16: =+SUM(SUM!KC27) -> 0 | AF16: =SUM((SUM!KF27,SUM!KI27,SUM!KL27,SUM!KO27,SUM!KR27)) -> 0 | AG16: =SUM(SUM!KU27,SUM!KZ27,SUM!LE27,SUM!LJ27) -> 0 | AH16: =SUM(SUM!KV27,SUM!LA27,SUM!LF27,SUM!LK27) -> 0 | AI16: =SUM(SUM!KW27,SUM!LB27,SUM!LG27,SUM!LL27) -> 0 | AJ16: =SUM(SUM!LO27,SUM!LT27,SUM!LY27,SUM!MD27,SUM!MI27,SUM!MN27,SUM!MS27) -> 0 | AK16: =SUM(SUM!LP27,SUM!LU27,SUM!LZ27,SUM!ME27,SUM!MJ27,SUM!MO27,SUM!MT27) -> 0 | AL16: =SUM(SUM!LQ27,SUM!LV27,SUM!MA27,SUM!MF27,SUM!MK27,SUM!MP27,SUM!MU27) -> 0 | AM16: =SUM(SUM!MY27,SUM!NB27) -> 0 | AO16: =+SUM(SUM!AM27,SUM!AQ27) -> 0 | AP16: =+SUM(SUM!AN27,SUM!AR27) -> 0 | AQ16: =+SUM!AU27 -> 237.6 | AR16: =+SUM!AV27 -> 240 | AS16: =+SUM!GR27 -> 0 | AT16: =+SUM!GS27 -> 0 | AU16: =+SUM(SUM!HK27) -> 0 | AV16: =+SUM(SUM!HL27) -> 0 | AW16: =+SUM(SUM!FP27) -> 0 | AX16: =+SUM(SUM!FQ27) -> 0 | AY16: =+SUM(SUM!GL27) -> 0 | AZ16: =+SUM(SUM!GM27) -> 0 | BA16: =+SUM(SUM!GN27) -> 0 | BB16: =+SUM(SUM!GO27) -> 0 | BC16: =+SUM(SUM!CS27,SUM!CW27) -> 0 | BD16: =+SUM(SUM!CT27,SUM!CX27) -> 0 | BE16: =+SUM(SUM!JW27) -> 0 | BF16: =+SUM(SUM!JX27) -> 0 | BG16: =+SUM(SUM!BX27,SUM!CB27) -> 0 | BH16: =+SUM(SUM!BY27,SUM!CC27) -> 0 | BI16: =+SUM(SUM!CD27) -> 0 | BJ16: =+SUM(SUM!ET27) -> 0 | BK16: =+SUM(SUM!EU27) -> 0 | BL16: =+SUM(SUM!EV27) -> 0 | BM16: =+SUM(SUM!EW27) -> 0 | BO16: =+P16+AW16 -> 0 | BP16: =+Q16+AX16 -> 0 | BQ16: =+R16+AY16 -> 0 | BR16: =+S16+AZ16 -> 0 | BS16: =+T16+BA16 -> 0 | BT16: =+U16+BB16 -> 0 | BU16: =+I16+BC16 -> 0 | BV16: =+J16+BD16 -> 0 | BW16: =+F16+BG16 -> 0 | BX16: =+G16+BH16 -> 0 | BY16: =+H16+BI16 -> 0 | BZ16: =+L16+BJ16 -> 0 | CA16: =+M16+BK16 -> 0 | CB16: =+N16+BL16 -> 0 | CC16: =+O16+BM16 -> 0
... A96: 2027/28 | B96: =SUM(D96:AN96) -> 514.8 | C96: =SUM(D96:BN96) -> 514.8 | D96: =SUM(SUM!W107,SUM!AA107,SUM!AE107,SUM!AI107) -> 0 | E96: =SUM(SUM!X107,SUM!AB107,SUM!AF107,SUM!AJ107) -> 0 | F96: =+SUM(SUM!AY107,SUM!BD107,SUM!BN107,SUM!BS107,SUM!BI107) -> 0 | G96: =+SUM(SUM!AZ107,SUM!BE107,SUM!BO107,SUM!BT107,SUM!BJ107) -> 0 | H96: =+SUM(SUM!BA107,SUM!BF107,SUM!BP107,SUM!BU107,SUM!BK107) -> 0 | I96: =+SUM(SUM!CG107,SUM!CK107,SUM!CO107) -> 0 | J96: =+SUM(SUM!CH107,SUM!CL107,SUM!CP107) -> 0 | K96: =SUM(SUM!DA107,SUM!DD107,SUM!DG107,SUM!DJ107,SUM!DM107) -> 0 | L96: =+SUM(SUM!DP107,SUM!DV107,SUM!EB107,SUM!EH107,SUM!EN107) -> 0 | M96: =+SUM(SUM!DQ107,SUM!DW107,SUM!EC107,SUM!EI107,SUM!EO107) -> 0 | N96: =+SUM(SUM!DR107,SUM!DX107,SUM!ED107,SUM!EJ107,SUM!EP107) -> 0 | O96: =+SUM(SUM!DS107,SUM!DY107,SUM!EE107,SUM!EK107,SUM!EQ107) -> 0 | P96: =+SUM(SUM!EZ107,SUM!FD107,SUM!FH107,SUM!FL107) -> 0 | Q96: =+SUM(SUM!FA107,SUM!FE107,SUM!FI107,SUM!FM107) -> 0 | R96: =+SUM(SUM!FT107,SUM!FZ107,SUM!GF107) -> 0 | S96: =+SUM(SUM!FU107,SUM!GA107,SUM!GG107) -> 0 | T96: =+SUM(SUM!FV107,SUM!GB107,SUM!GH107) -> 0 | U96: =+SUM(SUM!FW107,SUM!GC107,SUM!GI107) -> 0 | V96: =+SUM(SUM!GV107,SUM!GY107,SUM!HB107,SUM!HE107,SUM!HH107) -> 0 | W96: =+SUM(SUM!HS107,SUM!HW107,SUM!IA107,SUM!IE107,SUM!HO107) -> 0 | X96: =+SUM(SUM!HP107,SUM!HT107,SUM!HX107,SUM!IB107,SUM!IF107) -> 0 | Y96: =+SUM(SUM!IM107,SUM!IQ107,SUM!IU107,SUM!IY107,SUM!II107) -> 0 | Z96: =+SUM(SUM!IN107,SUM!IR107,SUM!IV107,SUM!IZ107,SUM!IJ107) -> 0 | AA96: =+SUM(SUM!JG107,SUM!JK107,SUM!JO107,SUM!JS107,SUM!JC107) -> 0 | AB96: =+SUM(SUM!JH107,SUM!JL107,SUM!JP107,SUM!JT107,SUM!JD107) -> 0 | AC96: =+SUM(SUM!KA107) -> 0 | AD96: =+SUM(SUM!KB107) -> 0 | AE96: =+SUM(SUM!KC107) -> 0 | AF96: =SUM((SUM!KF107,SUM!KI107,SUM!KL107,SUM!KO107,SUM!KR107)) -> 0 | AG96: =SUM(SUM!KU107,SUM!KZ107,SUM!LE107,SUM!LJ107) -> 0 | AH96: =SUM(SUM!KV107,SUM!LA107,SUM!LF107,SUM!LK107) -> 0 | AI96: =SUM(SUM!KW107,SUM!LB107,SUM!LG107,SUM!LL107) -> 0 | AJ96: =SUM(SUM!LO107,SUM!LT107,SUM!LY107,SUM!MD107,SUM!MI107,SUM!MN107,SUM!MS107) -> 171.6 | AK96: =SUM(SUM!LP107,SUM!LU107,SUM!LZ107,SUM!ME107,SUM!MJ107,SUM!MO107,SUM!MT107) -> 171.6 | AL96: =SUM(SUM!LQ107,SUM!LV107,SUM!MA107,SUM!MF107,SUM!MK107,SUM!MP107,SUM!MU107) -> 171.6 | AM96: =SUM(SUM!MY107,SUM!NB107) -> 0 | AO96: =+SUM(SUM!AM107,SUM!AQ107) -> 0 | AP96: =+SUM(SUM!AN107,SUM!AR107) -> 0 | AQ96: =+SUM!AU107 -> 0 | AR96: =+SUM!AV107 -> 0 | AS96: =+SUM!GR107 -> 0 | AT96: =+SUM!GS107 -> 0 | AU96: =+SUM(SUM!HK107) -> 0 | AV96: =+SUM(SUM!HL107) -> 0 | AW96: =+SUM(SUM!FP107) -> 0 | AX96: =+SUM(SUM!FQ107) -> 0 | AY96: =+SUM(SUM!GL107) -> 0 | AZ96: =+SUM(SUM!GM107) -> 0 | BA96: =+SUM(SUM!GN107) -> 0 | BB96: =+SUM(SUM!GO107) -> 0 | BC96: =+SUM(SUM!CS107,SUM!CW107) -> 0 | BD96: =+SUM(SUM!CT107,SUM!CX107) -> 0 | BE96: =+SUM(SUM!JW107) -> 0 | BF96: =+SUM(SUM!JX107) -> 0 | BG96: =+SUM(SUM!BX107,SUM!CB107) -> 0 | BH96: =+SUM(SUM!BY107,SUM!CC107) -> 0 | BI96: =+SUM(SUM!CD107) -> 0 | BJ96: =+SUM(SUM!ET107) -> 0 | BK96: =+SUM(SUM!EU107) -> 0 | BL96: =+SUM(SUM!EV107) -> 0 | BM96: =+SUM(SUM!EW107) -> 0 | BO96: =+P96+AW96 -> 0 | BP96: =+Q96+AX96 -> 0 | BQ96: =+R96+AY96 -> 0 | BR96: =+S96+AZ96 -> 0 | BS96: =+T96+BA96 -> 0 | BT96: =+U96+BB96 -> 0 | BU96: =+I96+BC96 -> 0 | BV96: =+J96+BD96 -> 0 | BW96: =+F96+BG96 -> 0 | BX96: =+G96+BH96 -> 0 | BY96: =+H96+BI96 -> 0 | BZ96: =+L96+BJ96 -> 0 | CA96: =+M96+BK96 -> 0 | CB96: =+N96+BL96 -> 0 | CC96: =+O96+BM96 -> 0
A97: 2027/29 | B97: =SUM(D97:AN97) -> 577.2 | C97: =SUM(D97:BN97) -> 577.2 | D97: =SUM(SUM!W132,SUM!AA132,SUM!AE132,SUM!AI132) -> 0 | E97: =SUM(SUM!X132,SUM!AB132,SUM!AF132,SUM!AJ132) -> 0 | F97: =+SUM(SUM!AY132,SUM!BD132,SUM!BN132,SUM!BS132,SUM!BI132) -> 0 | G97: =+SUM(SUM!AZ132,SUM!BE132,SUM!BO132,SUM!BT132,SUM!BJ132) -> 0 | H97: =+SUM(SUM!BA132,SUM!BF132,SUM!BP132,SUM!BU132,SUM!BK132) -> 0 | I97: =+SUM(SUM!CG132,SUM!CK132,SUM!CO132) -> 0 | J97: =+SUM(SUM!CH132,SUM!CL132,SUM!CP132) -> 0 | AG97: =SUM(SUM!KU108,SUM!KZ108,SUM!LE108,SUM!LJ108) -> 0 | AH97: =SUM(SUM!KV108,SUM!LA108,SUM!LF108,SUM!LK108) -> 0 | AI97: =SUM(SUM!KW108,SUM!LB108,SUM!LG108,SUM!LL108) -> 0 | AJ97: =SUM(SUM!LO108,SUM!LT108,SUM!LY108,SUM!MD108,SUM!MI108,SUM!MN108,SUM!MS108) -> 202.8 | AK97: =SUM(SUM!LP108,SUM!LU108,SUM!LZ108,SUM!ME108,SUM!MJ108,SUM!MO108,SUM!MT108) -> 187.2 | AL97: =SUM(SUM!LQ108,SUM!LV108,SUM!MA108,SUM!MF108,SUM!MK108,SUM!MP108,SUM!MU108) -> 187.2 | AM97: =SUM(SUM!MY108,SUM!NB108) -> 0 | AO97: =+SUM(SUM!AM132,SUM!AQ132) -> 0 | AP97: =+SUM(SUM!AN132,SUM!AR132) -> 0 | AQ97: =+SUM!AU132 -> 0 | AR97: =+SUM!AV132 -> 0 | AS97: =+SUM!GR132 -> 0 | AT97: =+SUM!GS132 -> 0 | AU97: =+SUM(SUM!HK132) -> 0 | AV97: =+SUM(SUM!HL132) -> 0 | AW97: =+SUM(SUM!FP132) -> 0 | AX97: =+SUM(SUM!FQ132) -> 0 | AY97: =+SUM(SUM!GL132) -> 0 | AZ97: =+SUM(SUM!GM132) -> 0 | BA97: =+SUM(SUM!GN132) -> 0 | BB97: =+SUM(SUM!GO132) -> 0 | BC97: =+SUM(SUM!CS132,SUM!CW132) -> 0 | BD97: =+SUM(SUM!CT132,SUM!CX132) -> 0 | BE97: =+SUM(SUM!JW132) -> 0 | BF97: =+SUM(SUM!JX132) -> 0 | BG97: =+SUM(SUM!BX132,SUM!CB132) -> 0 | BH97: =+SUM(SUM!BY132,SUM!CC132) -> 0 | BI97: =+SUM(SUM!CD132) -> 0 | BJ97: =+SUM(SUM!ET132) -> 0 | BK97: =+SUM(SUM!EU132) -> 0 | BL97: =+SUM(SUM!EV132) -> 0 | BM97: =+SUM(SUM!EW132) -> 0 | BO97: =+P97+AW97 -> 0 | BP97: =+Q97+AX97 -> 0 | BQ97: =+R97+AY97 -> 0 | BR97: =+S97+AZ97 -> 0 | BS97: =+T97+BA97 -> 0 | BT97: =+U97+BB97 -> 0 | BU97: =+I97+BC97 -> 0 | BV97: =+J97+BD97 -> 0 | BW97: =+F97+BG97 -> 0 | BX97: =+G97+BH97 -> 0 | BY97: =+H97+BI97 -> 0 | BZ97: =+L97+BJ97 -> 0 | CA97: =+M97+BK97 -> 0 | CB97: =+N97+BL97 -> 0 | CC97: =+O97+BM97 -> 0
A98: 2027/30 | B98: =SUM(D98:AN98) -> 1029.6 | C98: =SUM(D98:BN98) -> 1029.6 | AG98: =SUM(SUM!KU109,SUM!KZ109,SUM!LE109,SUM!LJ109) -> 0 | AH98: =SUM(SUM!KV109,SUM!LA109,SUM!LF109,SUM!LK109) -> 0 | AI98: =SUM(SUM!KW109,SUM!LB109,SUM!LG109,SUM!LL109) -> 0 | AJ98: =SUM(SUM!LO109,SUM!LT109,SUM!LY109,SUM!MD109,SUM!MI109,SUM!MN109,SUM!MS109) -> 343.2 | AK98: =SUM(SUM!LP109,SUM!LU109,SUM!LZ109,SUM!ME109,SUM!MJ109,SUM!MO109,SUM!MT109) -> 343.2 | AL98: =SUM(SUM!LQ109,SUM!LV109,SUM!MA109,SUM!MF109,SUM!MK109,SUM!MP109,SUM!MU109) -> 343.2 | AM98: =SUM(SUM!MY109,SUM!NB109) -> 0
A99: 2027/31 | B99: =SUM(D99:AN99) -> 468 | C99: =SUM(D99:BN99) -> 468 | AG99: =SUM(SUM!KU110,SUM!KZ110,SUM!LE110,SUM!LJ110) -> 0 | AH99: =SUM(SUM!KV110,SUM!LA110,SUM!LF110,SUM!LK110) -> 0 | AI99: =SUM(SUM!KW110,SUM!LB110,SUM!LG110,SUM!LL110) -> 0 | AJ99: =SUM(SUM!LO110,SUM!LT110,SUM!LY110,SUM!MD110,SUM!MI110,SUM!MN110,SUM!MS110) -> 156 | AK99: =SUM(SUM!LP110,SUM!LU110,SUM!LZ110,SUM!ME110,SUM!MJ110,SUM!MO110,SUM!MT110) -> 156 | AL99: =SUM(SUM!LQ110,SUM!LV110,SUM!MA110,SUM!MF110,SUM!MK110,SUM!MP110,SUM!MU110) -> 156 | AM99: =SUM(SUM!MY110,SUM!NB110) -> 0
A100: 2027/32 | B100: =SUM(D100:AN100) -> 218.4 | C100: =SUM(D100:BN100) -> 218.4 | AG100: =SUM(SUM!KU111,SUM!KZ111,SUM!LE111,SUM!LJ111) -> 0 | AH100: =SUM(SUM!KV111,SUM!LA111,SUM!LF111,SUM!LK111) -> 0 | AI100: =SUM(SUM!KW111,SUM!LB111,SUM!LG111,SUM!LL111) -> 0 | AJ100: =SUM(SUM!LO111,SUM!LT111,SUM!LY111,SUM!MD111,SUM!MI111,SUM!MN111,SUM!MS111) -> 62.4 | AK100: =SUM(SUM!LP111,SUM!LU111,SUM!LZ111,SUM!ME111,SUM!MJ111,SUM!MO111,SUM!MT111) -> 78 | AL100: =SUM(SUM!LQ111,SUM!LV111,SUM!MA111,SUM!MF111,SUM!MK111,SUM!MP111,SUM!MU111) -> 78 | AM100: =SUM(SUM!MY111,SUM!NB111) -> 0
A101: 2027/33 | B101: =SUM(D101:AN101) -> 842.4 | C101: =SUM(D101:BN101) -> 842.4 | AG101: =SUM(SUM!KU112,SUM!KZ112,SUM!LE112,SUM!LJ112) -> 0 | AH101: =SUM(SUM!KV112,SUM!LA112,SUM!LF112,SUM!LK112) -> 0 | AI101: =SUM(SUM!KW112,SUM!LB112,SUM!LG112,SUM!LL112) -> 0 | AJ101: =SUM(SUM!LO112,SUM!LT112,SUM!LY112,SUM!MD112,SUM!MI112,SUM!MN112,SUM!MS112) -> 280.8 | AK101: =SUM(SUM!LP112,SUM!LU112,SUM!LZ112,SUM!ME112,SUM!MJ112,SUM!MO112,SUM!MT112) -> 280.8 | AL101: =SUM(SUM!LQ112,SUM!LV112,SUM!MA112,SUM!MF112,SUM!MK112,SUM!MP112,SUM!MU112) -> 280.8 | AM101: =SUM(SUM!MY112,SUM!NB112) -> 0
A102: 2027/34 | B102: =SUM(D102:AN102) -> 1029.6 | C102: =SUM(D102:BN102) -> 1029.6 | AG102: =SUM(SUM!KU113,SUM!KZ113,SUM!LE113,SUM!LJ113) -> 0 | AH102: =SUM(SUM!KV113,SUM!LA113,SUM!LF113,SUM!LK113) -> 0 | AI102: =SUM(SUM!KW113,SUM!LB113,SUM!LG113,SUM!LL113) -> 0 | AJ102: =SUM(SUM!LO113,SUM!LT113,SUM!LY113,SUM!MD113,SUM!MI113,SUM!MN113,SUM!MS113) -> 343.2 | AK102: =SUM(SUM!LP113,SUM!LU113,SUM!LZ113,SUM!ME113,SUM!MJ113,SUM!MO113,SUM!MT113) -> 343.2 | AL102: =SUM(SUM!LQ113,SUM!LV113,SUM!MA113,SUM!MF113,SUM!MK113,SUM!MP113,SUM!MU113) -> 343.2 | AM102: =SUM(SUM!MY113,SUM!NB113) -> 0
A103: 2027/35 | B103: =SUM(D103:AN103) -> 936 | C103: =SUM(D103:BN103) -> 936 | AG103: =SUM(SUM!KU114,SUM!KZ114,SUM!LE114,SUM!LJ114) -> 0 | AH103: =SUM(SUM!KV114,SUM!LA114,SUM!LF114,SUM!LK114) -> 0 | AI103: =SUM(SUM!KW114,SUM!LB114,SUM!LG114,SUM!LL114) -> 0 | AJ103: =SUM(SUM!LO114,SUM!LT114,SUM!LY114,SUM!MD114,SUM!MI114,SUM!MN114,SUM!MS114) -> 312 | AK103: =SUM(SUM!LP114,SUM!LU114,SUM!LZ114,SUM!ME114,SUM!MJ114,SUM!MO114,SUM!MT114) -> 312 | AL103: =SUM(SUM!LQ114,SUM!LV114,SUM!MA114,SUM!MF114,SUM!MK114,SUM!MP114,SUM!MU114) -> 312 | AM103: =SUM(SUM!MY114,SUM!NB114) -> 0
A104: 2027/36 | B104: =SUM(D104:AN104) -> 936 | C104: =SUM(D104:BN104) -> 936 | AG104: =SUM(SUM!KU115,SUM!KZ115,SUM!LE115,SUM!LJ115) -> 0 | AH104: =SUM(SUM!KV115,SUM!LA115,SUM!LF115,SUM!LK115) -> 0 | AI104: =SUM(SUM!KW115,SUM!LB115,SUM!LG115,SUM!LL115) -> 0 | AJ104: =SUM(SUM!LO115,SUM!LT115,SUM!LY115,SUM!MD115,SUM!MI115,SUM!MN115,SUM!MS115) -> 312 | AK104: =SUM(SUM!LP115,SUM!LU115,SUM!LZ115,SUM!ME115,SUM!MJ115,SUM!MO115,SUM!MT115) -> 312 | AL104: =SUM(SUM!LQ115,SUM!LV115,SUM!MA115,SUM!MF115,SUM!MK115,SUM!MP115,SUM!MU115) -> 312 | AM104: =SUM(SUM!MY115,SUM!NB115) -> 0
A105: 2027/37 | B105: =SUM(D105:AN105) -> 0 | C105: =SUM(D105:BN105) -> 0 | AG105: =SUM(SUM!KU116,SUM!KZ116,SUM!LE116,SUM!LJ116) -> 0 | AH105: =SUM(SUM!KV116,SUM!LA116,SUM!LF116,SUM!LK116) -> 0 | AI105: =SUM(SUM!KW116,SUM!LB116,SUM!LG116,SUM!LL116) -> 0 | AJ105: =SUM(SUM!LO116,SUM!LT116,SUM!LY116,SUM!MD116,SUM!MI116,SUM!MN116,SUM!MS116) -> 0 | AK105: =SUM(SUM!LP116,SUM!LU116,SUM!LZ116,SUM!ME116,SUM!MJ116,SUM!MO116,SUM!MT116) -> 0 | AL105: =SUM(SUM!LQ116,SUM!LV116,SUM!MA116,SUM!MF116,SUM!MK116,SUM!MP116,SUM!MU116) -> 0 | AM105: =SUM(SUM!MY116,SUM!NB116) -> 0
A106: 2027/38 | B106: =SUM(D106:AN106) -> 0 | C106: =SUM(D106:BN106) -> 0 | AG106: =SUM(SUM!KU117,SUM!KZ117,SUM!LE117,SUM!LJ117) -> 0 | AH106: =SUM(SUM!KV117,SUM!LA117,SUM!LF117,SUM!LK117) -> 0 | AI106: =SUM(SUM!KW117,SUM!LB117,SUM!LG117,SUM!LL117) -> 0 | AJ106: =SUM(SUM!LO117,SUM!LT117,SUM!LY117,SUM!MD117,SUM!MI117,SUM!MN117,SUM!MS117) -> 0 | AK106: =SUM(SUM!LP117,SUM!LU117,SUM!LZ117,SUM!ME117,SUM!MJ117,SUM!MO117,SUM!MT117) -> 0 | AL106: =SUM(SUM!LQ117,SUM!LV117,SUM!MA117,SUM!MF117,SUM!MK117,SUM!MP117,SUM!MU117) -> 0 | AM106: =SUM(SUM!MY117,SUM!NB117) -> 0
A107: 2027/39 | B107: =SUM(D107:AN107) -> 0 | C107: =SUM(D107:BN107) -> 0 | AG107: =SUM(SUM!KU118,SUM!KZ118,SUM!LE118,SUM!LJ118) -> 0 | AH107: =SUM(SUM!KV118,SUM!LA118,SUM!LF118,SUM!LK118) -> 0 | AI107: =SUM(SUM!KW118,SUM!LB118,SUM!LG118,SUM!LL118) -> 0 | AJ107: =SUM(SUM!LO118,SUM!LT118,SUM!LY118,SUM!MD118,SUM!MI118,SUM!MN118,SUM!MS118) -> 0 | AK107: =SUM(SUM!LP118,SUM!LU118,SUM!LZ118,SUM!ME118,SUM!MJ118,SUM!MO118,SUM!MT118) -> 0 | AL107: =SUM(SUM!LQ118,SUM!LV118,SUM!MA118,SUM!MF118,SUM!MK118,SUM!MP118,SUM!MU118) -> 0 | AM107: =SUM(SUM!MY118,SUM!NB118) -> 0
A108: 2027/40 | B108: =SUM(D108:AN108) -> 0 | C108: =SUM(D108:BN108) -> 0 | AG108: =SUM(SUM!KU119,SUM!KZ119,SUM!LE119,SUM!LJ119) -> 0 | AH108: =SUM(SUM!KV119,SUM!LA119,SUM!LF119,SUM!LK119) -> 0 | AI108: =SUM(SUM!KW119,SUM!LB119,SUM!LG119,SUM!LL119) -> 0 | AJ108: =SUM(SUM!LO119,SUM!LT119,SUM!LY119,SUM!MD119,SUM!MI119,SUM!MN119,SUM!MS119) -> 0 | AK108: =SUM(SUM!LP119,SUM!LU119,SUM!LZ119,SUM!ME119,SUM!MJ119,SUM!MO119,SUM!MT119) -> 0 | AL108: =SUM(SUM!LQ119,SUM!LV119,SUM!MA119,SUM!MF119,SUM!MK119,SUM!MP119,SUM!MU119) -> 0 | AM108: =SUM(SUM!MY119,SUM!NB119) -> 0
A109: 2027/41 | B109: =SUM(D109:AN109) -> 0 | C109: =SUM(D109:BN109) -> 0 | AG109: =SUM(SUM!KU120,SUM!KZ120,SUM!LE120,SUM!LJ120) -> 0 | AH109: =SUM(SUM!KV120,SUM!LA120,SUM!LF120,SUM!LK120) -> 0 | AI109: =SUM(SUM!KW120,SUM!LB120,SUM!LG120,SUM!LL120) -> 0 | AJ109: =SUM(SUM!LO120,SUM!LT120,SUM!LY120,SUM!MD120,SUM!MI120,SUM!MN120,SUM!MS120) -> 0 | AK109: =SUM(SUM!LP120,SUM!LU120,SUM!LZ120,SUM!ME120,SUM!MJ120,SUM!MO120,SUM!MT120) -> 0 | AL109: =SUM(SUM!LQ120,SUM!LV120,SUM!MA120,SUM!MF120,SUM!MK120,SUM!MP120,SUM!MU120) -> 0 | AM109: =SUM(SUM!MY120,SUM!NB120) -> 0
... A121: 2027/53 | B121: =SUM(D121:AN121) -> 0 | C121: =SUM(D121:BN121) -> 0 | AG121: =SUM(SUM!KU132,SUM!KZ132,SUM!LE132,SUM!LJ132) -> 0 | AH121: =SUM(SUM!KV132,SUM!LA132,SUM!LF132,SUM!LK132) -> 0 | AI121: =SUM(SUM!KW132,SUM!LB132,SUM!LG132,SUM!LL132) -> 0 | AJ121: =SUM(SUM!LO132,SUM!LT132,SUM!LY132,SUM!MD132,SUM!MI132,SUM!MN132,SUM!MS132) -> 0 | AK121: =SUM(SUM!LP132,SUM!LU132,SUM!LZ132,SUM!ME132,SUM!MJ132,SUM!MO132,SUM!MT132) -> 0 | AL121: =SUM(SUM!LQ132,SUM!LV132,SUM!MA132,SUM!MF132,SUM!MK132,SUM!MP132,SUM!MU132) -> 0 | AM121: =SUM(SUM!MY132,SUM!NB132) -> 0
I186: VD059

Sheet SUM
A1: 2026 INTERNAL SCHEDULE FERRERO (LOG) | N1: BOLD-SHIPPED | W1: =+W133 -> 2761.2 | X1: =+X133 -> 2761.2 | AA1: =+AA133 -> 4648.8 | AB1: =+AB133 -> 4648.8 | AE1: =+AE133 -> 2714.4 | AF1: =+AF133 -> 2714.4 | AI1: =+AI133 -> 124.8 | AJ1: =+AJ133 -> 140.4 | AM1: =+AM133 -> 1792 | AN1: =+AN133 -> 1802 | AQ1: =+AQ133 -> 812 | AR1: =+AR133 -> 816 | AU1: =+AU133 -> 237.6 | AV1: =+AV133 -> 240 | AY1: =+AY133 -> 2620.8 | AZ1: =+AZ133 -> 2620.8 | BA1: =+BA133 -> 2620.8 | BD1: =+BD133 -> 2386.8 | BE1: =+BE133 -> 2371.2 | BF1: =+BF133 -> 2386.8 | BI1: =+BI133 -> 124.8 | BJ1: =+BJ133 -> 124.8 | BK1: =+BK133 -> 124.8 | BN1: =+BN133 -> 2886 | BO1: =+BO133 -> 2886 | BP1: =+BP133 -> 2870.4 | BS1: =+BS133 -> 608.4 | BT1: =+BT133 -> 608.4 | BU1: =+BU133 -> 608.4 | BX1: =+BX133 -> 819 | BY1: =+BY133 -> 864 | CB1: =+CB133 -> 390 | CC1: =+CC133 -> 384 | CD1: =+CD133 -> 396 | CG1: =+CG133 -> 561.6 | CH1: =+CH133 -> 561.6 | CK1: =+CK133 -> 1513.2 | CL1: =+CL133 -> 1513.2 | CO1: =+CO133 -> 187.2 | CP1: =+CP133 -> 187.2 | CS1: =+CS133 -> 3036 | CT1: =+CT133 -> 3036 | CW1: =+CW133 -> 379.5 | CX1: =+CX133 -> 396 | DA1: =+DA133 -> 624 | DD1: =+DD133 -> 858 | DG1: =+DG133 -> 2995.2 | DJ1: =+DJ133 -> 764.4 | DM1: =+DM133 -> #REF! | DP1: =+DP133 -> 390 | DQ1: =+DQ133 -> 390 | DR1: =+DR133 -> 374.4 | DS1: =+DS133 -> 374.4 | DV1: =+DV133 -> 15.6 | DW1: =+DW133 -> 15.6 | DX1: =+DX133 -> 15.6 | DY1: =+DY133 -> 15.6 | EB1: =+EB133 -> 265.2 | EC1: =+EC133 -> 249.6 | ED1: =+ED133 -> 249.6 | EE1: =+EE133 -> 249.6 | EH1: =+EH133 -> #REF! | EI1: =+EI133 -> #REF! | EJ1: =+EJ133 -> #REF! | EK1: =+EK133 -> #REF! | EN1: =+EN133 -> 452.4 | EO1: =+EO133 -> 452.4 | EP1: =+EP133 -> 452.4 | EQ1: =+EQ133 -> 452.4 | ET1: =+ET133 -> 1520 | EU1: =+EU133 -> 1950 | EV1: =+EV133 -> 1600 | EW1: =+EW133 -> 1550 | EZ1: =+EZ133 -> 780 | FA1: =+FA133 -> 764.4 | FD1: =+FD133 -> 31.2 | FE1: =+FE133 -> 31.2 | FH1: =+FH133 -> 764.4 | FI1: =+FI133 -> 764.4 | FL1: =+FL133 -> #REF! | FM1: =+FM133 -> #REF! | FP1: =+FP133 -> 2754 | FQ1: =+FQ133 -> 2752 | FT1: =+FT133 -> 608.4 | FU1: =+FU133 -> 608.4 | FV1: =+FV133 -> 592.8 | FW1: =+FW133 -> 592.8 | FZ1: =+FZ133 -> 1216.8 | GA1: =+GA133 -> 1216.8 | GB1: =+GB133 -> 1216.8 | GC1: =+GC133 -> 1216.8 | GF1: =+GF133 -> 1497.6 | GG1: =+GG133 -> 1497.6 | GH1: =+GH133 -> 1497.6 | GI1: =+GI133 -> 1497.6 | GL1: =+GL133 -> 2800 | GM1: =+GM133 -> 2772 | GN1: =+GN133 -> 2800 | GO1: =+GO133 -> 2772 | GR1: =+GR133 -> 11376 | GS1: =+GS133 -> 11388 | GV1: =+GV133 -> 1528.8 | GY1: =+GY133 -> 2932.8 | HB1: =+HB133 -> 312 | HE1: =+HE133 -> 3073.2 | HH1: =+HH133 -> 171.6 | HK1: =+HK133 -> 986 | HL1: =+HL133 -> 1976 | HO1: =+HO133 -> 62.4 | HP1: =+HP133 -> 62.4 | HS1: =+HS133 -> 171.6 | HT1: =+HT133 -> 171.6 | HW1: =+HW133 -> 1762.8 | HX1: =+HX133 -> 1060.8 | IA1: =+IA133 -> #REF! | IB1: =+IB133 -> #REF! | IE1: =+IE133 -> #REF! | IF1: =+IF133 -> #REF! | II1: =+II133 -> 62.4 | IJ1: =+IJ133 -> 62.4 | IM1: =+IM133 -> 124.8 | IN1: =+IN133 -> 124.8 | IQ1: =+IQ133 -> 1092 | IR1: =+IR133 -> 1092 | IU1: =+IU133 -> #REF! | IV1: =+IV133 -> #REF! | IY1: =+IY133 -> #REF! | IZ1: =+IZ133 -> #REF! | JC1: =+JC133 -> 62.4 | JD1: =+JD133 -> 62.4 | JG1: =+JG133 -> 124.8 | JH1: =+JH133 -> 124.8 | JK1: =+JK133 -> 1560 | JL1: =+JL133 -> 858 | JO1: =+JO133 -> #REF! | JP1: =+JP133 -> #REF! | JS1: =+JS133 -> #REF! | JT1: =+JT133 -> #REF! | JW1: =+JW133 -> 12116 | JX1: =+JX133 -> 12120 | KA1: =+KA133 -> #REF! | KB1: =+KB133 -> #REF! | KC1: =+KC133 -> #REF! | KF1: =+KF133 -> 2558.4 | KI1: =+KI133 -> 3884.4 | KL1: =+KL133 -> 3525.6 | KO1: =+KO133 -> 499.2 | KR1: =+KR133 -> 312 | KU1: =+KU133 -> 405.6 | KV1: =+KV133 -> 405.6 | KW1: =+KW133 -> 405.6 | KZ1: =+KZ133 -> 1965.6 | LA1: =+LA133 -> 1965.6 | LB1: =+LB133 -> 1965.6 | LE1: =+LE133 -> 936 | LF1: =+LF133 -> 936 | LG1: =+LG133 -> 936 | LJ1: =+LJ133 -> 1622.4 | LK1: =+LK133 -> 1622.4 | LL1: =+LL133 -> 1622.4 | LO1: =+LO133 -> 2121.8 | LP1: =+LP133 -> 2121.8 | LQ1: =+LQ133 -> 2121.8 | LT1: =+LT133 -> 2324.4 | LU1: =+LU133 -> 2324.4 | LV1: =+LV133 -> 2324.4 | LY1: =+LY133 -> 62.4 | LZ1: =+LZ133 -> 62.4 | MA1: =+MA133 -> 62.4 | MD1: =+MD133 -> 3073.2 | ME1: =+ME133 -> 3073.2 | MF1: =+MF133 -> 3073.2 | MI1: =+MI133 -> 2043.6 | MJ1: =+MJ133 -> 2043.6 | MK1: =+MK133 -> 2043.6 | MN1: =+MN133 -> 780 | MO1: =+MO133 -> 780 | MP1: =+MP133 -> 780 | MS1: =+MS133 -> 62.4 | MT1: =+MT133 -> 62.4 | MU1: =+MU133 -> 62.4 | MX1: =+MX133 -> 561.6 | NA1: =+NA133 -> 1232.4
N2: RED-CHANGES | V2: Version | W2: =+Bel!C2 -> INTERNATIONAL | X2: =+Bel!D2 -> INTERNATIONAL | AA2: =+Ita!C2 -> INTERNATIONAL | AB2: =+Ita!D2 -> INTERNATIONAL | AE2: =+Pol!C2 -> INTERNATIONAL | AF2: =+Pol!D2 -> INTERNATIONAL | AI2: =+Mex!C2 -> EC-Inte | AJ2: =+Mex!D2 -> EC-Inte | AM2: USA | AN2: USA | AQ2: =+KSC!G2 -> INTERNATIONAL | AR2: =+KSC!H2 -> INTERNATIONAL | AU2: =+SIMS!G2 -> USA | AV2: =+SIMS!H2 -> USA | AY2: =+Bel!G2 -> INTERNATIONAL | AZ2: =+Bel!H2 -> INTERNATIONAL | BA2: =+Bel!I2 -> INTERNATIONAL | BD2: =+Ita!G2 -> INTERNATIONAL | BE2: =+Ita!H2 -> INTERNATIONAL | BF2: =+Ita!I2 -> INTERNATIONAL | BI2: =+Ita!AX2 -> ISRAEL | BJ2: =+Ita!AY2 -> ISRAEL | BK2: =+Ita!AZ2 -> ISRAEL | BN2: =+Pol!G2 -> INTERNATIONAL | BO2: =+Pol!H2 -> INTERNATIONAL | BP2: =+Pol!I2 -> INTERNATIONAL | BS2: =+Mex!G2 -> EC-Inte | BT2: =+Mex!H2 -> EC-Inte | BU2: =+Mex!I2 -> EC-Inte | BX2: =+VIE!C2 -> USA | BY2: =+VIE!D2 -> USA | CB2: =+SIMS!AC2 -> CHINA | CC2: =+SIMS!AD2 -> CHINA | CD2: =+SIMS!AE2 -> CHINA | CG2: =+Bel!L2 -> INTERNATIONAL | CH2: =+Bel!M2 -> INTERNATIONAL | CK2: =+Ita!L2 -> INTERNATIONAL | CL2: =+Ita!M2 -> INTERNATIONAL | CO2: =+Mex!L2 -> EC-Inte | CP2: =+Mex!M2 -> EC-Inte | CS2: =+SIMS!Y2 -> CHINA | CT2: =+SIMS!Z2 -> CHINA | CW2: =+VIE!M2 -> USA | CX2: =+VIE!N2 -> USA | DA2: =+Ita!BC2 -> ISRAEL | DD2: =+Bel!P2 -> INTERNATIONAL | DG2: =+Ita!P2 -> INTERNATIONAL | DJ2: =+Pol!L2 -> INTERNATIONAL | DM2: =+Rus!C2 -> INTERNATIONAL | DP2: =+Bel!S2 -> INTERNATIONAL | DQ2: =+Bel!T2 -> INTERNATIONAL | DR2: =+Bel!U2 -> INTERNATIONAL | DS2: =+Bel!V2 -> INTERNATIONAL | DV2: =+Ita!S2 -> INTERNATIONAL | DW2: =+Ita!T2 -> INTERNATIONAL | DX2: =+Ita!U2 -> INTERNATIONAL | DY2: =+Ita!V2 -> INTERNATIONAL | EB2: =+Pol!O2 -> INTERNATIONAL | EC2: =+Pol!P2 -> INTERNATIONAL | ED2: =+Pol!Q2 -> INTERNATIONAL | EE2: =+Pol!R2 -> INTERNATIONAL | EH2: =+Rus!J2 -> INTERNATIONAL | EI2: =+Rus!K2 -> INTERNATIONAL | EJ2: =+Rus!L2 -> INTERNATIONAL | EK2: =+Rus!M2 -> INTERNATIONAL | EN2: =+Mex!AE2 -> EC-Inte | EO2: =+Mex!AF2 -> EC-Inte | EP2: =+Mex!AG2 -> EC-Inte | EQ2: =+Mex!AH2 -> EC-Inte | ET2: =+VIE!G2 -> USA | EU2: =+VIE!H2 -> USA | EV2: =+VIE!I2 -> USA | EW2: =+VIE!J2 -> USA | EZ2: =+Bel!Y2 -> INTERNATIONAL | FA2: =+Bel!Z2 -> INTERNATIONAL | FD2: =+Ita!Y2 -> INTERNATIONAL | FE2: =+Ita!Z2 -> INTERNATIONAL | FH2: =+Pol!U2 -> INTERNATIONAL | FI2: =+Pol!V2 -> INTERNATIONAL | FL2: =+Rus!F2 -> INTERNATIONAL | FM2: =+Rus!G2 -> INTERNATIONAL | FP2: =+SIMS!O2 -> CHINA | FQ2: =+SIMS!P2 -> CHINA | FT2: =+Bel!AC2 -> INTERNATIONAL | FU2: =+Bel!AD2 -> INTERNATIONAL | FV2: =+Bel!AE2 -> INTERNATIONAL | FW2: =+Bel!AF2 -> INTERNATIONAL | FZ2: =+Ita!AC2 -> INTERNATIONAL | GA2: =+Ita!AD2 -> INTERNATIONAL | GB2: =+Ita!AE2 -> INTERNATIONAL | GC2: =+Ita!AF2 -> INTERNATIONAL | GF2: =+Pol!Y2 -> INTERNATIONAL | GG2: =+Pol!Z2 -> INTERNATIONAL | GH2: =+Pol!AA2 -> INTERNATIONAL | GI2: =+Pol!AB2 -> INTERNATIONAL | GL2: =+SIMS!S2 -> CHINA | GM2: =+SIMS!T2 -> CHINA | GN2: =+SIMS!U2 -> CHINA | GO2: =+SIMS!V2 -> CHINA | GR2: =+KSC!C2 -> EUROPE | GS2: =+KSC!D2 -> EUROPE | GV2: =+Bel!AI2 -> INTERNATIONAL | GY2: =+Ita!AI2 -> INTERNATIONAL | HB2: =+Ita!BF2 -> ISRAEL | HE2: =+Pol!AE2 -> INTERNATIONAL | HH2: =+Mex!P2 -> EC-Inte | HK2: =+SIMS!K2 -> USA | HL2: =+SIMS!L2 -> USA | HO2: =+Bel!AL2 -> INTERNATIONAL | HP2: =+Bel!AM2 -> INTERNATIONAL | HS2: =+Ita!AL2 -> EC-Inte | HT2: =+Ita!AM2 -> EC-Inte | HW2: =+Mex!S2 -> EC-Inte | HX2: =+Mex!T2 -> EC-Inte | IA2: =+'Arg&Braz'!C2 -> EC-Inte | IB2: =+'Arg&Braz'!D2 -> EC-Inte | IE2: =+'Arg&Braz'!Y2 -> EC-BRA | IF2: =+'Arg&Braz'!Z2 -> EC-BRA | II2: =+Bel!AP2 -> INTERNATIONAL | IJ2: =+Bel!AQ2 -> INTERNATIONAL | IM2: =+Ita!AP2 -> EC-Inte | IN2: =+Ita!AQ2 -> EC-Inte | IQ2: =+Mex!W2 -> EC-Inte | IR2: =+Mex!X2 -> EC-Inte | IU2: =+'Arg&Braz'!G2 -> EC-Inte | IV2: =+'Arg&Braz'!H2 -> EC-Inte | IY2: =+'Arg&Braz'!AC2 -> EC-BRA | IZ2: =+'Arg&Braz'!AD2 -> EC-BRA | JC2: =+Bel!AT2 -> INTERNATIONAL | JD2: =+Bel!AU2 -> INTERNATIONAL | JG2: =+Ita!AT2 -> EC-Inte | JH2: =+Ita!AU2 -> EC-Inte | JK2: =+Mex!AA2 -> EC-Inte | JL2: =+Mex!AB2 -> EC-Inte | JO2: =+'Arg&Braz'!K2 -> EC-Inte | JP2: =+'Arg&Braz'!L2 -> EC-Inte | JS2: =+'Arg&Braz'!AG2 -> EC-BRA | JT2: =+'Arg&Braz'!AH2 -> EC-BRA | JW2: =+KSC!K2 -> EUROPE | JX2: =+KSC!L2 -> EUROPE | KA2: =+Rus!P2 -> INTERNATIONAL | KB2: =+Rus!Q2 -> INTERNATIONAL | KC2: =+Rus!R2 -> INTERNATIONAL | KF2: INTERNATIONAL | KI2: INTERNATIONAL | KL2: INTERNATIONAL | KO2: EC-inte | KR2: EC-BRA | KU2: INTERNATIONAL | KV2: INTERNATIONAL | KW2: INTERNATIONAL | KZ2: EC-Inte | LA2: EC-Inte | LB2: EC-Inte | LE2: EC-Inte | LF2: EC-Inte | LG2: EC-Inte | LJ2: EC-BRA | LK2: EC-BRA | LL2: EC-BRA | LO2: INTERNATIONAL | LP2: INTERNATIONAL | LQ2: INTERNATIONAL | LT2: INTERNATIONAL | LU2: INTERNATIONAL | LV2: INTERNATIONAL | LY2: ISRAEL | LZ2: ISRAEL | MA2: ISRAEL | MD2: INTERNATIONAL | ME2: INTERNATIONAL | MF2: INTERNATIONAL | MI2: INTERNATIONAL | MJ2: INTERNATIONAL | MK2: INTERNATIONAL | MN2: EC-Inte | MO2: EC-Inte | MP2: EC-Inte | MS2: EC-Inte | MT2: EC-Inte | MU2: EC-Inte | MX2: INTERNATIONAL | NA2: INTERNATIONAL
N3: BLUE-OPTION | R3: CAPSULE | W3: =+Bel!C3 -> KS HL PLAYMOBIL DISNEY 2627 | X3: =+Bel!D3 -> 0 | Y3: =+Bel!E3 -> 0 | Z3: =+Bel!F3 -> 0 | AA3: =+Ita!C3 -> KS HL PLAYMOBIL DISNEY 2627 | AB3: =+Ita!D3 -> 0 | AC3: =+Ita!E3 -> 0 | AD3: =+Ita!F3 -> 0 | AE3: =+Pol!C3 -> KS HL PLAYMOBIL DISNEY 2627 | AF3: =+Pol!D3 -> 0 | AG3: =+Pol!E3 -> 0 | AH3: =+Pol!F3 -> 0 | AI3: =+Mex!C3 -> KS HL PLAYMOBIL DISNEY 2627 | AM3: =+SIMS!C3 -> KJ STRANGER THINGS 2627 | AQ3: =+KSC!G3 -> KJ STRANGER THINGS 2627 | AU3: =+SIMS!G3 -> KJ MINIDINO 2 | AY3: =+Bel!G3 -> KS HL NATOONS FAMILIES 2627 | BD3: =+Ita!G3 -> KS HL NATOONS FAMILIES 2627 | BI3: =+Ita!AX3 -> KS HL NATOONS FAMILIES 2627 | BN3: =+Pol!G3 -> KS HL NATOONS FAMILIES 2627 | BS3: =+Mex!G3 -> KS HL NATOONS FAMILIES 2627 | BX3: =+VIE!C3 -> KJ HL NATOONS FAMILIES 2627 | BY3: =+VIE!D3 -> 0 | BZ3: =+VIE!E3 -> 0 | CA3: =+VIE!F3 -> 0 | CB3: =+SIMS!AC3 -> KJ HL NATOONS FAMILIES 2627 | CG3: =+Bel!L3 -> KS HL HELLO KITTY | CK3: =+Ita!L3 -> KS HL HELLO KITTY | CO3: =+Mex!L3 -> KS HL HELLO KITTY | CS3: =+SIMS!Y3 -> KJ HL HELLO KITTY | CW3: KJ HL HELLO KITTY | DA3: =+Ita!BC3 -> KS MS SCOOP ROBOTS | DD3: =+Bel!P3 -> KS MS SCOOP ROBOTS | DG3: =+Ita!P3 -> KS MS SCOOP ROBOTS | DJ3: =+Pol!L3 -> KS MS SCOOP ROBOTS | DM3: =+Rus!C3 -> KS MS SCOOP ROBOTS | DP3: =+Bel!S3 -> KS MS FLOWER PIXIES | DV3: =+Ita!S3 -> KS MS FLOWER PIXIES | DW3: =+Ita!T3 -> 0 | DX3: =+Ita!U3 -> 0 | DY3: =+Ita!V3 -> 0 | DZ3: =+Ita!W3 -> 0 | EA3: =+Ita!X3 -> 0 | EB3: =+Pol!O3 -> KS MS FLOWER PIXIES | EC3: =+Pol!P3 -> 0 | ED3: =+Pol!Q3 -> 0 | EE3: =+Pol!R3 -> 0 | EF3: =+Pol!S3 -> 0 | EG3: =+Pol!T3 -> 0 | EH3: =+Rus!J3 -> KS MS FLOWER PIXIES | EN3: =+Mex!AE3 -> KS MS FLOWER PIXIES | ET3: =+VIE!G3 -> KJ MS FLOWER PIXIES | EU3: =+VIE!H3 -> 0 | EV3: =+VIE!I3 -> 0 | EW3: =+VIE!J3 -> 0 | EX3: =+VIE!K3 -> 0 | EY3: =+VIE!L3 -> 0 | EZ3: =+Bel!Y3 -> KS MS ARTBOT ZIP | FA3: =+Bel!Z3 -> 0 | FB3: =+Bel!AA3 -> 0 | FC3: =+Bel!AB3 -> 0 | FD3: =+Ita!Y3 -> KS MS ARTBOT ZIP | FH3: =+Pol!U3 -> KS MS ARTBOT ZIP | FI3: =+Pol!V3 -> 0 | FJ3: =+Pol!W3 -> 0 | FK3: =+Pol!X3 -> 0 | FL3: =+Rus!F3 -> KS MS ARTBOT ZIP | FM3: =+Rus!G3 -> 0 | FN3: =+Rus!H3 -> 0 | FO3: =+Rus!I3 -> 0 | FP3: =+SIMS!O3 -> KJ MS ARTBOT ZIP | FT3: =+Bel!AC3 -> KS MS MAGIC MERMAIDS | FU3: =+Bel!AD3 -> 0 | FV3: =+Bel!AE3 -> 0 | FW3: =+Bel!AF3 -> 0 | FX3: =+Bel!AG3 -> 0 | FY3: =+Bel!AH3 -> 0 | FZ3: =+Ita!AC3 -> KS MS MAGIC MERMAIDS | GF3: =+Pol!Y3 -> KS MS MAGIC MERMAIDS | GG3: =+Pol!Z3 -> 0 | GH3: =+Pol!AA3 -> 0 | GI3: =+Pol!AB3 -> 0 | GJ3: =+Pol!AC3 -> 0 | GK3: =+Pol!AD3 -> 0 | GL3: =+SIMS!S3 -> KJ MS MAGIC MERMAIDS | GR3: =+KSC!C3 -> KJ ONE PIECE 7+ | GV3: =+Bel!AI3 -> KS HL PAW PATROL 2627 | GW3: =+Bel!AJ3 -> 0 | GX3: =+Bel!AK3 -> 0 | GY3: =+Ita!AI3 -> KS HL PAW PATROL 2627 | GZ3: =+Ita!AJ3 -> 0 | HA3: =+Ita!AK3 -> 0 | HB3: =+Ita!BF3 -> KS HL PAW PATROL 2627 | HC3: =+Ita!BG3 -> 0 | HD3: =+Ita!BH3 -> 0 | HE3: =+Pol!AE3 -> KS HL PAW PATROL 2627 | HF3: =+Pol!AF3 -> 0 | HG3: =+Pol!AG3 -> 0 | HH3: =+Mex!P3 -> KS HL PAW PATROL 2627 | HI3: =+Mex!Q3 -> 0 | HJ3: =+Mex!R3 -> 0 | HK3: =+SIMS!K3 -> KJ FUNKO HARRY POTTER CASCADING 26.27 | HO3: =+Bel!AL3 -> KS MS BOLD MONSTER TRUCK | HS3: =+Ita!AL3 -> KS MS BOLD MONSTER TRUCK | HW3: =+Mex!S3 -> KS MS BOLD MONSTER TRUCK | IA3: =+'Arg&Braz'!C3 -> KS MS BOLD MONSTER TRUCK | IE3: =+'Arg&Braz'!Y3 -> KS MS BOLD MONSTER TRUCK | II3: =+Bel!AP3 -> KS MS BOUNCY MONSTER TRUCK | IM3: =+Ita!AP3 -> KS MS BOUNCY MONSTER TRUCK | IQ3: =+Mex!W3 -> KS MS BOUNCY MONSTER TRUCK | IU3: =+'Arg&Braz'!G3 -> KS MS BOUNCY MONSTER TRUCK | IY3: =+'Arg&Braz'!AC3 -> KS MS BOUNCY MONSTER TRUCK | JC3: =+Bel!AT3 -> KS MS WHEELIE MOTO RACING | JG3: =+Ita!AT3 -> KS MS WHEELIE MOTO RACING | JK3: =+Mex!AA3 -> KS MS WHEELIE MOTO RACING | JO3: =+'Arg&Braz'!K3 -> KS MS WHEELIE MOTO RACING | JS3: =+'Arg&Braz'!AG3 -> KS MS WHEELIE MOTO RACING | JW3: =+KSC!K3 -> KJ HARRY POTTER 3 7+ | KA3: =+Rus!P3 -> KS HL FIXIKY 2526 REUSE | KF3: =+Bel!AX3 -> KS HL SHREK 2728 | KG3: =+Bel!AY3 -> 0 | KH3: =+Bel!AZ3 -> 0 | KI3: =+Ita!BI3 -> KS HL SHREK 2728 | KJ3: =+Ita!BJ3 -> 0 | KK3: =+Ita!BK3 -> 0 | KL3: KS HL SHREK 2728 | KO3: =+Mex!AK3 -> KS HL SHREK 2728 | KP3: =+Mex!AL3 -> 0 | KQ3: =+Mex!AM3 -> 0 | KR3: =+'Arg&Braz'!AK3 -> KS HL SHREK 2728 | KS3: =+'Arg&Braz'!AL3 -> 0 | KT3: =+'Arg&Braz'!AM3 -> 0 | KU3: =+Ita!BL3 -> BARBIE 2728 | KZ3: =+Mex!AN3 -> BARBIE 2728 | LE3: =+'Arg&Braz'!O3 -> BARBIE 2728 | LJ3: =+'Arg&Braz'!AN3 -> BARBIE 2728 | LO3: =Bel!BA3 -> NATOONS WOODLAND | LT3: =+Ita!BQ3 -> NATOONS WOODLAND | LY3: =Ita!BV3 -> NATOONS WOODLAND | MD3: =+Pol!AK3 -> NATOONS WOODLAND | MI3: =+Rus!U3 -> NATOONS WOODLAND | MN3: =+Mex!AS3 -> NATOONS WOODLAND | MS3: =+'Arg&Braz'!T3 -> NATOONS WOODLAND | MX3: =Bel!BF3 -> PLAYMOBIL LEI | NA3: =Ita!CA3 -> PLAYMOBIL LEI
A4: WK | B4: MS CORE KS | C4: HL KS | D4: KS HL MERRY CHRISTMAS | E4: KJ MERY CHRISTMAS/ jurassic | F4: KJ CHINA.USA/KSC | G4: TOTAL KS | H4: BEL | I4: It | J4: Pol | K4: Russ | L4: Arg | M4: Mex | N4: VietNam | O4: SIMS | P4: FRESHLAB | Q4: KSC-KPS POLAND | R4: Yellow | S4: Senft | T4: Transparent | W4: =+Bel!C4 -> Belgium | X4: =+Bel!D4 -> 0 | Y4: =+Bel!E4 -> 0 | Z4: =+Bel!F4 -> 0 | AA4: =+Ita!C4 -> Italy | AB4: =+Ita!D4 -> 0 | AC4: =+Ita!E4 -> 0 | AD4: =+Ita!F4 -> 0 | AE4: =+Pol!C4 -> Poland | AF4: =+Pol!D4 -> 0 | AG4: =+Pol!E4 -> 0 | AH4: =+Pol!F4 -> 0 | AI4: =+Mex!C4 -> Mexico | AM4: =+SIMS!C4 -> SIMS | AQ4: =+KSC!G4 -> WH KPS Poland | AU4: SIMS | AY4: =+Bel!G4 -> Belgium | BD4: =+Ita!G4 -> Italy | BI4: =+Ita!AX4 -> Italy-ISRAEL | BN4: =+Pol!G4 -> Poland | BS4: =+Mex!G4 -> Mexico | BX4: =+VIE!C4 -> Vietnam | BY4: =+VIE!D4 -> 0 | BZ4: =+VIE!E4 -> 0 | CA4: =+VIE!F4 -> 0 | CB4: =+SIMS!AC4 -> SIMS | CG4: =+Bel!L4 -> Belgium | CK4: =+Ita!L4 -> Italy | CO4: =+Mex!L4 -> Mexico | CS4: =+SIMS!Y4 -> SIMS | CW4: VietNam | DA4: =+Ita!BC4 -> Italy-ISRAEL | DD4: =+Bel!P4 -> Belgium | DG4: =+Ita!P4 -> Italy | DJ4: =+Pol!L4 -> Poland | DM4: =+Rus!C4 -> Russia | DP4: =+Bel!S4 -> Belgium | DV4: =+Ita!S4 -> Italy | DW4: =+Ita!T4 -> 0 | DX4: =+Ita!U4 -> 0 | DY4: =+Ita!V4 -> 0 | DZ4: =+Ita!W4 -> 0 | EA4: =+Ita!X4 -> 0 | EB4: =+Pol!O4 -> Poland | EC4: =+Pol!P4 -> 0 | ED4: =+Pol!Q4 -> 0 | EE4: =+Pol!R4 -> 0 | EF4: =+Pol!S4 -> 0 | EG4: =+Pol!T4 -> 0 | EH4: =+Rus!J4 -> Russia | EN4: =+Mex!AE4 -> Mexico | ET4: =+VIE!G4 -> Vietnam | EU4: =+VIE!H4 -> 0 | EV4: =+VIE!I4 -> 0 | EW4: =+VIE!J4 -> 0 | EX4: =+VIE!K4 -> 0 | EY4: =+VIE!L4 -> 0 | EZ4: =+Bel!Y4 -> Belgium | FA4: =+Bel!Z4 -> 0 | FB4: =+Bel!AA4 -> 0 | FC4: =+Bel!AB4 -> 0 | FD4: =+Ita!Y4 -> Italy | FH4: =+Pol!U4 -> Poland | FI4: =+Pol!V4 -> 0 | FJ4: =+Pol!W4 -> 0 | FK4: =+Pol!X4 -> 0 | FL4: =+Rus!F4 -> Russia | FM4: =+Rus!G4 -> 0 | FN4: =+Rus!H4 -> 0 | FO4: =+Rus!I4 -> 0 | FP4: =+SIMS!O4 -> SIMS | FQ4: =+SIMS!P4 -> 0 | FR4: =+SIMS!Q4 -> 0 | FS4: =+SIMS!R4 -> 0 | FT4: =+Bel!AC4 -> Belgium | FU4: =+Bel!AD4 -> 0 | FV4: =+Bel!AE4 -> 0 | FW4: =+Bel!AF4 -> 0 | FX4: =+Bel!AG4 -> 0 | FY4: =+Bel!AH4 -> 0 | FZ4: =+Ita!AC4 -> Italy | GF4: =+Pol!Y4 -> Poland | GG4: =+Pol!Z4 -> 0 | GH4: =+Pol!AA4 -> 0 | GI4: =+Pol!AB4 -> 0 | GJ4: =+Pol!AC4 -> 0 | GK4: =+Pol!AD4 -> 0 | GL4: =+SIMS!S4 -> SIMS | GR4: =+KSC!C4 -> WH KPS Poland | GS4: =+KSC!D4 -> 0 | GT4: =+KSC!E4 -> 0 | GU4: =+KSC!F4 -> 0 | GV4: =+Bel!AI4 -> Belgium | GW4: =+Bel!AJ4 -> 0 | GX4: =+Bel!AK4 -> 0 | GY4: =+Ita!AI4 -> Italy | GZ4: =+Ita!AJ4 -> 0 | HA4: =+Ita!AK4 -> 0 | HB4: =+Ita!BF4 -> Italy-ISRAEL | HC4: =+Ita!BG4 -> 0 | HD4: =+Ita!BH4 -> 0 | HE4: Poland | HH4: =+Mex!P4 -> Mexico | HI4: =+Mex!Q4 -> 0 | HJ4: =+Mex!R4 -> 0 | HK4: =+SIMS!K4 -> SIMS | HO4: =+Bel!AL4 -> Belgium | HS4: =+Ita!AL4 -> Italy | HW4: =+Mex!S4 -> Mexico | IA4: =+'Arg&Braz'!C4 -> Argentina | IE4: =+'Arg&Braz'!Y4 -> Brazil | II4: =+Bel!AP4 -> Belgium | IM4: =+Ita!AP4 -> Italy | IQ4: =+Mex!W4 -> Mexico | IU4: =+'Arg&Braz'!G4 -> Argentina | IY4: =+'Arg&Braz'!AC4 -> Brazil | JC4: =+Bel!AT4 -> Belgium | JG4: =+Ita!AT4 -> Italy | JK4: =+Mex!AA4 -> Mexico | JO4: =+'Arg&Braz'!K4 -> Argentina | JP4: =+'Arg&Braz'!L4 -> 0 | JQ4: =+'Arg&Braz'!M4 -> 0 | JR4: =+'Arg&Braz'!N4 -> 0 | JS4: =+'Arg&Braz'!AG4 -> Brazil | JW4: =+KSC!K4 -> WH KPS Poland | KA4: =+Rus!P4 -> Russia | KF4: =+Bel!AX4 -> Belgium | KG4: =+Bel!AY4 -> 0 | KH4: =+Bel!AZ4 -> 0 | KI4: =+Ita!BI4 -> Italy | KJ4: =+Ita!BJ4 -> 0 | KK4: =+Ita!BK4 -> 0 | KL4: Poland | KO4: =+Mex!AK4 -> Mexico | KP4: =+Mex!AL4 -> 0 | KQ4: =+Mex!AM4 -> 0 | KR4: =+'Arg&Braz'!AK4 -> Brazil | KS4: =+'Arg&Braz'!AL4 -> 0 | KT4: =+'Arg&Braz'!AM4 -> 0 | KU4: =Ita!BL4 -> Italy | KZ4: =+Mex!AN4 -> Mexico | LE4: =+'Arg&Braz'!O4 -> Argentina | LJ4: =+'Arg&Braz'!AN4 -> Brazil | LO4: =+Bel!BA4 -> Belgium | LT4: =+Ita!BQ4 -> Italy | LY4: =+Ita!BV4 -> Italy-ISRAEL | MD4: =+Pol!AK4 -> Poland | MI4: =+Rus!U4 -> Russia | MN4: =+Mex!AS4 -> Mexico | MS4: =+'Arg&Braz'!T4 -> Argentina | MX4: =+Bel!BF4 -> Belgium | NA4: =Ita!CA4 -> Italy
V5: Item name | W5: =+Bel!C5 -> GEPPETTO | X5: =+Bel!D5 -> MISS INCREDIBLE | Y5: Total | Z5: Nr. Pallet | AA5: =+Ita!C5 -> GEPPETTO | AB5: =+Ita!D5 -> MISS INCREDIBLE | AC5: Total | AD5: Nr. Pallet | AE5: =+Pol!C5 -> GEPPETTO | AF5: =+Pol!D5 -> MISS INCREDIBLE | AG5: Total | AH5: Nr. Pallet | AI5: =+Mex!C5 -> GEPPETTO | AJ5: =+Mex!D5 -> MISS INCREDIBLE | AK5: Total | AL5: Nr. Pallet | AM5: =+SIMS!C5 -> 3D DUSTIN | AN5: =+SIMS!D5 -> 3D STEVE | AO5: Total | AP5: Nr. Pallet | AQ5: =+KSC!G5 -> 3D DUSTIN | AR5: =+KSC!H5 -> 3D STEVE | AS5: Total | AT5: Nr. Pallet | AU5: =+SIMS!G5 -> TREXY | AV5: =+SIMS!H5 -> CHOMP | AW5: Total | AX5: Nr. Pallet | AY5: =+Bel!G5 -> CHIMPANZEES | AZ5: =+Bel!H5 -> JAGUARS | BA5: =+Bel!I5 -> BABOONS | BB5: Total | BC5: Nr. Pallet | BD5: =+Ita!G5 -> CHIMPANZEES | BE5: =+Ita!H5 -> JAGUARS | BF5: =+Ita!I5 -> BABOONS | BG5: Total | BH5: Nr. Pallet | BI5: =+Ita!AX5 -> CHIMPANZEES | BJ5: =+Ita!AY5 -> JAGUARS | BK5: =+Ita!AZ5 -> BABOONS | BL5: Total | BM5: Nr. Pallet | BN5: =+Pol!G5 -> CHIMPANZEES | BO5: =+Pol!H5 -> JAGUARS | BP5: =+Pol!I5 -> BABOONS | BQ5: Total | BR5: Nr. Pallet | BS5: =+Mex!G5 -> CHIMPANZEES | BT5: =+Mex!H5 -> JAGUARS | BU5: =+Mex!I5 -> BABOONS | BV5: Total | BW5: Nr. Pallet | BX5: =+VIE!C5 -> CHIMPANZEES | BY5: =+VIE!D5 -> JAGUARS | BZ5: Total | CA5: Nr. Pallet | CB5: =+SIMS!AC5 -> CHIMPANZEES | CC5: =+SIMS!AD5 -> JAGUARS | CD5: =+SIMS!AE5 -> BABOONS | CE5: Total | CF5: Nr. Pallet | CG5: =+Bel!L5 -> HELLO KITTY | CH5: =+Bel!M5 -> CINNAMON ROLL | CI5: Total | CJ5: Nr. Pallet | CK5: =+Ita!L5 -> HELLO KITTY | CL5: =+Ita!M5 -> CINNAMON ROLL | CM5: Total | CN5: Nr. Pallet | CO5: =+Mex!L5 -> HELLO KITTY | CP5: =+Mex!M5 -> CINNAMON ROLL | CQ5: Total | CR5: Nr. Pallet | CS5: =+SIMS!Y5 -> HELLO KITTY | CT5: =+SIMS!Z5 -> CINNAMON ROLL | CU5: Total | CV5: Nr. Pallet | CW5: HELLO KITTY | CX5: CINNAMON ROLL | CY5: Total | CZ5: Nr. Pallet | DA5: =+Ita!BC5 -> ORION | DB5: Total | DC5: Nr. Pallet | DD5: =+Bel!P5 -> ORION | DE5: Total | DF5: Nr. Pallet | DG5: =+Ita!P5 -> ORION | DH5: Total | DI5: Nr. Pallet | DJ5: =+Pol!L5 -> ORION | DK5: Total | DL5: Nr. Pallet | DM5: =+Rus!C5 -> ORION | DN5: Total | DO5: Nr. Pallet | DP5: =+Bel!S5 -> GERBERA | DQ5: =+Bel!T5 -> APPLE BLOSSOM | DR5: =+Bel!U5 -> CHAMOMILLA | DS5: =+Bel!V5 -> ANEMONE | DT5: Total | DU5: Nr. Pallet | DV5: =+Ita!S5 -> GERBERA | DW5: =+Ita!T5 -> APPLE BLOSSOM | DX5: =+Ita!U5 -> CHAMOMILLA | DY5: =+Ita!V5 -> ANEMONE | DZ5: Total | EA5: Nr. Pallet | EB5: =+Pol!O5 -> GERBERA | EC5: =+Pol!P5 -> APPLE BLOSSOM | ED5: =+Pol!Q5 -> CHAMOMILLA | EE5: =+Pol!R5 -> ANEMONE | EF5: Total | EG5: Nr. Pallet | EH5: =+Rus!J5 -> GERBERA | EI5: =+Rus!K5 -> APPLE BLOSSOM | EJ5: =+Rus!L5 -> CHAMOMILLA | EK5: =+Rus!M5 -> ANEMONE | EL5: Total | EM5: Nr. Pallet | EN5: =+Mex!AE5 -> GERBERA | EO5: =+Mex!AF5 -> APPLE BLOSSOM | EP5: =+Mex!AG5 -> CHAMOMILLA | EQ5: =+Mex!AH5 -> ANEMONE | ER5: Total | ES5: Nr. Pallet | ET5: =+VIE!G5 -> GERBERA | EU5: =+VIE!H5 -> APPLE BLOSSOM | EV5: =+VIE!I5 -> CHAMOMILLA | EW5: =+VIE!J5 -> ANEMONE | EX5: Total | EY5: Nr. Pallet | EZ5: =+Bel!Y5 -> BOB ZIPPER | FA5: =+Bel!Z5 -> MAX ZIPPER | FB5: Total | FC5: Nr. Pallet | FD5: =+Ita!Y5 -> BOB ZIPPER | FE5: =+Ita!Z5 -> MAX ZIPPER | FF5: Total | FG5: Nr. Pallet | FH5: =+Pol!U5 -> BOB ZIPPER | FI5: =+Pol!V5 -> MAX ZIPPER | FJ5: Total | FK5: Nr. Pallet | FL5: =+Rus!F5 -> BOB ZIPPER | FM5: =+Rus!G5 -> MAX ZIPPER | FN5: Total | FO5: Nr. Pallet | FP5: =+SIMS!O5 -> BOB ZIPPER | FQ5: =+SIMS!P5 -> MAX ZIPPER | FR5: Total | FS5: Nr. Pallet | FT5: =+Bel!AC5 -> BIANCA | FU5: =+Bel!AD5 -> MARINE | FV5: =+Bel!AE5 -> BIANCA TWIN | FW5: =+Bel!AF5 -> MARINE TWIN | FX5: Total | FY5: Nr. Pallet | FZ5: =+Ita!AC5 -> BIANCA | GA5: =+Ita!AD5 -> MARINE | GB5: =+Ita!AE5 -> BIANCA TWIN | GC5: =+Ita!AF5 -> MARINE TWIN | GD5: Total | GE5: Nr. Pallet | GF5: =+Pol!Y5 -> BIANCA | GG5: =+Pol!Z5 -> MARINE | GH5: =+Pol!AA5 -> BIANCA TWIN | GI5: =+Pol!AB5 -> MARINE TWIN | GJ5: Total | GK5: Nr. Pallet | GL5: =+SIMS!S5 -> BIANCA | GM5: =+SIMS!T5 -> MARINE | GN5: =+SIMS!U5 -> BIANCA TWIN | GO5: =+SIMS!V5 -> MARINE TWIN | GP5: Total | GQ5: Nr. Pallet | GR5: =+KSC!C5 -> 3D USOPP | GS5: =+KSC!D5 -> 3D VIVI | GT5: Total | GU5: Nr. Pallet | GV5: =+Bel!AI5 -> SKYE PINK | GW5: Total | GX5: Nr. Pallet | GY5: =+Ita!AI5 -> SKYE PINK | GZ5: Total | HA5: Nr. Pallet | HB5: =+Ita!BF5 -> SKYE PINK | HC5: Total | HD5: Nr. Pallet | HE5: =+Pol!AE5 -> SKYE PINK | HF5: Total | HG5: Nr. Pallet | HH5: =+Mex!P5 -> SKYE PINK | HI5: Total | HJ5: Nr. Pallet | HK5: =+SIMS!K5 -> 3D FIGURINE HERMIONE | HL5: =+SIMS!L5 -> 3D FIGURINE DRACO | HM5: Total | HN5: Nr. Pallet | HO5: =+Bel!AL5 -> BOLD ROCKY | HP5: =+Bel!AM5 -> BOLD CHUCKY | HQ5: Total | HR5: Nr. Pallet | HS5: =+Ita!AL5 -> BOLD ROCKY | HT5: =+Ita!AM5 -> BOLD CHUCKY | HU5: Total | HV5: Nr. Pallet | HW5: =+Mex!S5 -> BOLD ROCKY | HX5: =+Mex!T5 -> BOLD CHUCKY | HY5: Total | HZ5: Nr. Pallet | IA5: =+'Arg&Braz'!C5 -> BOLD ROCKY | IB5: =+'Arg&Braz'!D5 -> BOLD CHUCKY | IC5: Total | ID5: Nr. Pallet | IE5: =+'Arg&Braz'!Y5 -> BOLD ROCKY | IF5: =+'Arg&Braz'!Z5 -> BOLD CHUCKY | IG5: Total | IH5: Nr. Pallet | II5: =+Bel!AP5 -> ABYSSAL | IJ5: =+Bel!AQ5 -> BEAST | IK5: Total | IL5: Nr. Pallet | IM5: =+Ita!AP5 -> ABYSSAL | IN5: =+Ita!AQ5 -> BEAST | IO5: Total | IP5: Nr. Pallet | IQ5: =+Mex!W5 -> ABYSSAL | IR5: =+Mex!X5 -> BEAST | IS5: Total | IT5: Nr. Pallet | IU5: =+'Arg&Braz'!G5 -> ABYSSAL | IV5: =+'Arg&Braz'!H5 -> BEAST | IW5: Total | IX5: Nr. Pallet | IY5: =+'Arg&Braz'!AC5 -> ABYSSAL | IZ5: =+'Arg&Braz'!AD5 -> BEAST | JA5: Total | JB5: Nr. Pallet | JC5: =+Bel!AT5 -> HURRICANE | JD5: =+Bel!AU5 -> INTRUDER | JE5: Total | JF5: Nr. Pallet | JG5: =+Ita!AT5 -> HURRICANE | JH5: =+Ita!AU5 -> INTRUDER | JI5: Total | JJ5: Nr. Pallet | JK5: =+Mex!AA5 -> HURRICANE | JL5: =+Mex!AB5 -> INTRUDER | JM5: Total | JN5: Nr. Pallet | JO5: =+'Arg&Braz'!K5 -> HURRICANE | JP5: =+'Arg&Braz'!L5 -> INTRUDER | JQ5: Total | JR5: Nr. Pallet | JS5: =+'Arg&Braz'!AG5 -> HURRICANE | JT5: =+'Arg&Braz'!AH5 -> INTRUDER | JU5: Total | JV5: Nr. Pallet | JW5: =+KSC!K5 -> 3D BELLATRIX | JX5: =+KSC!L5 -> 3D LUCIUS MALFOY | JY5: Total | JZ5: Nr. Pallet | KA5: =+Rus!P5 -> DIGIT | KB5: =+Rus!Q5 -> SIMKA | KC5: =+Rus!R5 -> NOLIK | KD5: Total | KE5: Nr. Pallet | KF5: =+Bel!AX5 -> FIONA | KG5: Total | KH5: Nr. Pallet | KI5: =+Ita!BI5 -> FIONA | KJ5: Total | KK5: Nr. Pallet | KL5: =+Pol!AH5 -> FIONA | KM5: Total | KN5: Nr. Pallet | KO5: =+Mex!AK5 -> FIONA | KP5: Total | KQ5: Nr. Pallet | KR5: =+'Arg&Braz'!AK5 -> FIONA | KS5: Total | KT5: Nr. Pallet | KU5: =+Ita!BL5 -> BARBIE FOOTBALL | KV5: =+Ita!BM5 -> BARBIE BASKETBALL | KW5: =+Ita!BN5 -> BARBIE CRICKET | KX5: Total | KY5: Nr. Pallet | KZ5: =+Mex!AN5 -> BARBIE FOOTBALL | LA5: =+Mex!AO5 -> BARBIE BASKETBALL | LB5: =+Mex!AP5 -> BARBIE CRICKET | LC5: Total | LD5: Nr. Pallet | LE5: =+'Arg&Braz'!O5 -> BARBIE FOOTBALL | LF5: =+'Arg&Braz'!P5 -> BARBIE BASKETBALL | LG5: =+'Arg&Braz'!Q5 -> BARBIE CRICKET | LH5: Total | LI5: Nr. Pallet | LJ5: =+'Arg&Braz'!AN5 -> BARBIE FOOTBALL | LK5: =+'Arg&Braz'!AO5 -> BARBIE BASKETBALL | LL5: =+'Arg&Braz'!AP5 -> BARBIE CRICKET | LM5: Total | LN5: Nr. Pallet | LO5: =+Bel!BA5 -> BEAVER WOODLAND | LP5: =+Bel!BB5 -> MOUSE WOODLAND | LQ5: =+Bel!BC5 -> RACCOON WOODLAND | LR5: Total | LS5: Nr. Pallet | LT5: =+Ita!BQ5 -> BEAVER WOODLAND | LU5: =+Ita!BR5 -> MOUSE WOODLAND | LV5: =+Ita!BS5 -> RACCOON WOODLAND | LW5: Total | LX5: Nr. Pallet | LY5: =+Ita!BV5 -> BEAVER WOODLAND | LZ5: =+Ita!BW5 -> MOUSE WOODLAND | MA5: =+Ita!BX5 -> RACCOON WOODLAND | MB5: Total | MC5: Nr. Pallet | MD5: =+Pol!AK5 -> BEAVER WOODLAND | ME5: =+Pol!AL5 -> MOUSE WOODLAND | MF5: =+Pol!AM5 -> RACCOON WOODLAND | MG5: Total | MH5: Nr. Pallet | MI5: =+Rus!U5 -> BEAVER WOODLAND | MJ5: =+Rus!V5 -> MOUSE WOODLAND | MK5: =+Rus!W5 -> RACCOON WOODLAND | ML5: Total | MM5: Nr. Pallet | MN5: =+Mex!AS5 -> BEAVER WOODLAND | MO5: =+Mex!AT5 -> MOUSE WOODLAND | MP5: =+Mex!AU5 -> RACCOON WOODLAND | MQ5: Total | MR5: Nr. Pallet | MS5: =+'Arg&Braz'!T5 -> BEAVER WOODLAND | MT5: =+'Arg&Braz'!U5 -> MOUSE WOODLAND | MU5: =+'Arg&Braz'!V5 -> RACCOON WOODLAND | MV5: Total | MW5: Nr. Pallet | MX5: =Bel!BF5 -> BATGIRL | MY5: Total | MZ5: Nr. Pallet | NA5: =Ita!CA5 -> BATGIRL | NB5: Total | NC5: Nr. Pallet
V6: MPG code | W6: =+Bel!C6 -> VS424 | X6: =+Bel!D6 -> VS429 | AA6: =+Ita!C6 -> VS424 | AB6: =+Ita!D6 -> VS429 | AE6: =+Pol!C6 -> VS424 | AF6: =+Pol!D6 -> VS429 | AI6: =+Mex!C6 -> VS424 | AJ6: =+Mex!D6 -> VS429 | AM6: =+SIMS!C6 -> VC261 | AN6: =+SIMS!D6 -> VC267 | AQ6: =+KSC!G6 -> VC261 | AR6: =+KSC!H6 -> VC267 | AU6: =+SIMS!G6 -> VT084 | AV6: =+SIMS!H6 -> VT085 | AY6: =+Bel!G6 -> VS230 | AZ6: =+Bel!H6 -> VS228 | BA6: =+Bel!I6 -> VS233 | BD6: =+Ita!G6 -> VS230 | BE6: =+Ita!H6 -> VS228 | BF6: =+Ita!I6 -> VS233 | BI6: =+Ita!AX6 -> VS230 | BJ6: =+Ita!AY6 -> VS228 | BK6: =+Ita!AZ6 -> VS233 | BN6: =+Pol!G6 -> VS230 | BO6: =+Pol!H6 -> VS228 | BP6: =+Pol!I6 -> VS233 | BS6: =+Mex!G6 -> VS230 | BT6: =+Mex!H6 -> VS228 | BU6: =+Mex!I6 -> VS233 | BX6: =+VIE!C6 -> VS230 | BY6: =+VIE!D6 -> VS228 | CB6: =+SIMS!AC6 -> VS230 | CC6: =+SIMS!AD6 -> VS228 | CD6: =+SIMS!AE6 -> VS233 | CG6: =+Bel!L6 -> VS393 | CH6: =+Bel!M6 -> VS399 | CK6: =+Ita!L6 -> VS393 | CL6: =+Ita!M6 -> VS399 | CO6: =+Mex!L6 -> VS393 | CP6: =+Mex!M6 -> VS399 | CS6: =+SIMS!Y6 -> VS393 | CT6: =+SIMS!Z6 -> VS399 | CW6: VS393 | CX6: VS399 | DA6: =+Ita!BC6 -> VS010 | DD6: =+Bel!P6 -> VS010 | DG6: =+Ita!P6 -> VS010 | DJ6: =+Pol!L6 -> VS010 | DM6: =+Rus!C6 -> VS010 | DP6: =+Bel!S6 -> VS384 | DQ6: =+Bel!T6 -> VS385 | DR6: =+Bel!U6 -> VS384A | DS6: =+Bel!V6 -> VS385A | DV6: =+Ita!S6 -> VS384 | DW6: =+Ita!T6 -> VS385 | DX6: =+Ita!U6 -> VS384A | DY6: =+Ita!V6 -> VS385A | EB6: =+Pol!O6 -> VS384 | EC6: =+Pol!P6 -> VS385 | ED6: =+Pol!Q6 -> VS384A | EE6: =+Pol!R6 -> VS385A | EH6: =+Rus!J6 -> VS384 | EI6: =+Rus!K6 -> VS385 | EJ6: =+Rus!L6 -> VS384A | EK6: =+Rus!M6 -> VS385A | EN6: =+Mex!AE6 -> VS384 | EO6: =+Mex!AF6 -> VS385 | EP6: =+Mex!AG6 -> VS384A | EQ6: =+Mex!AH6 -> VS385A | ET6: =+VIE!G6 -> VS384 | EU6: =+VIE!H6 -> VS385 | EV6: =+VIE!I6 -> VS384A | EW6: =+VIE!J6 -> VS385A | EZ6: =+Bel!Y6 -> VS089 | FA6: =+Bel!Z6 -> VS090 | FD6: =+Ita!Y6 -> VS089 | FE6: =+Ita!Z6 -> VS090 | FH6: =+Pol!U6 -> VS089 | FI6: =+Pol!V6 -> VS090 | FL6: =+Rus!F6 -> VS089 | FM6: =+Rus!G6 -> VS090 | FP6: =+SIMS!O6 -> VS089 | FQ6: =+SIMS!P6 -> VS090 | FT6: =+Bel!AC6 -> VS193 | FU6: =+Bel!AD6 -> VS288 | FV6: =+Bel!AE6 -> VS193A | FW6: =+Bel!AF6 -> VS288A | FZ6: =+Ita!AC6 -> VS193 | GA6: =+Ita!AD6 -> VS288 | GB6: =+Ita!AE6 -> VS193A | GC6: =+Ita!AF6 -> VS288A | GF6: =+Pol!Y6 -> VS193 | GG6: =+Pol!Z6 -> VS288 | GH6: =+Pol!AA6 -> VS193A | GI6: =+Pol!AB6 -> VS288A | GL6: =+SIMS!S6 -> VS193 | GM6: =+SIMS!T6 -> VS288 | GN6: =+SIMS!U6 -> VS193A | GO6: =+SIMS!V6 -> VS288A | GR6: =+KSC!C6 -> VS344 | GS6: =+KSC!D6 -> VS369 | GV6: =+Bel!AI6 -> VS515 | GY6: =+Ita!AI6 -> VS515 | HB6: =+Ita!BF6 -> VS515 | HE6: =+Pol!AE6 -> VS515 | HH6: =+Mex!P6 -> VS515 | HK6: =+SIMS!K6 -> VD387 | HL6: =+SIMS!L6 -> VD424 | HO6: =+Bel!AL6 -> VC181 | HP6: =+Bel!AM6 -> VC182 | HS6: =+Ita!AL6 -> VC181 | HT6: =+Ita!AM6 -> VC182 | HW6: =+Mex!S6 -> VC181 | HX6: =+Mex!T6 -> VC182 | IA6: =+'Arg&Braz'!C6 -> VC181 | IB6: =+'Arg&Braz'!D6 -> VC182 | IE6: =+'Arg&Braz'!Y6 -> VC181 | IF6: =+'Arg&Braz'!Z6 -> VC182 | II6: =+Bel!AP6 -> VC248 | IJ6: =+Bel!AQ6 -> VC249 | IM6: =+Ita!AP6 -> VC248 | IN6: =+Ita!AQ6 -> VC249 | IQ6: =+Mex!W6 -> VC248 | IR6: =+Mex!X6 -> VC249 | IU6: =+'Arg&Braz'!G6 -> VC248 | IV6: =+'Arg&Braz'!H6 -> VC249 | IY6: =+'Arg&Braz'!AC6 -> VC248 | IZ6: =+'Arg&Braz'!AD6 -> VC249 | JC6: =+Bel!AT6 -> VQ069A | JD6: =+Bel!AU6 -> VQ070A | JG6: =+Ita!AT6 -> VQ069A | JH6: =+Ita!AU6 -> VQ070A | JK6: =+Mex!AA6 -> VQ069A | JL6: =+Mex!AB6 -> VQ070A | JO6: =+'Arg&Braz'!K6 -> VQ069A | JP6: =+'Arg&Braz'!L6 -> VQ070A | JS6: =+'Arg&Braz'!AG6 -> VQ069A | JT6: =+'Arg&Braz'!AH6 -> VQ070A | JW6: =+KSC!K6 -> VS427 | JX6: =+KSC!L6 -> VS463 | KA6: =+Rus!P6 -> VC391 | KB6: =+Rus!Q6 -> VC392 | KC6: =+Rus!R6 -> VC395 | KF6: =+Bel!AX6 -> VZ192 | KI6: =+Ita!BI6 -> VZ192 | KL6: =+Pol!AH6 -> VZ192 | KO6: =+Mex!AK6 -> VZ192 | KR6: =+'Arg&Braz'!AK6 -> VZ192 | KU6: =+Ita!BL6 -> VZ275 | KV6: =+Ita!BM6 -> VZ276 | KW6: =+Ita!BN6 -> VZ280 | KZ6: =+Mex!AN6 -> VZ275 | LA6: =+Mex!AO6 -> VZ276 | LB6: =+Mex!AP6 -> VZ280 | LE6: =+'Arg&Braz'!O6 -> VZ275 | LF6: =+'Arg&Braz'!P6 -> VZ276 | LG6: =+'Arg&Braz'!Q6 -> VZ280 | LJ6: =+'Arg&Braz'!AN6 -> VZ275 | LK6: =+'Arg&Braz'!AO6 -> VZ276 | LL6: =+'Arg&Braz'!AP6 -> VZ280 | LO6: =+Bel!BA6 -> VZ164 | LP6: =+Bel!BB6 -> VZ171 | LQ6: =+Bel!BC6 -> VZ172 | LT6: =+Ita!BQ6 -> VZ164 | LU6: =+Ita!BR6 -> VZ171 | LV6: =+Ita!BS6 -> VZ172 | LY6: =+Ita!BV6 -> VZ164 | LZ6: =+Ita!BW6 -> VZ171 | MA6: =+Ita!BX6 -> VZ172 | MD6: =+Pol!AK6 -> VZ164 | ME6: =+Pol!AL6 -> VZ171 | MF6: =+Pol!AM6 -> VZ172 | MI6: =+Rus!U6 -> VZ164 | MJ6: =+Rus!V6 -> VZ171 | MK6: =+Rus!W6 -> VZ172 | MN6: =+Mex!AS6 -> VZ164 | MO6: =+Mex!AT6 -> VZ171 | MP6: =+Mex!AU6 -> VZ172 | MS6: =+'Arg&Braz'!T6 -> VZ164 | MT6: =+'Arg&Braz'!U6 -> VZ171 | MU6: =+'Arg&Braz'!V6 -> VZ172 | MX6: =Bel!BF6 -> VC297 | NA6: =Ita!CA6 -> VC297
V7: PO | W7: =+Bel!C7 -> 5500043960 | X7: =+Bel!D7 -> 0 | AA7: =+Ita!C7 -> 5500043959 | AB7: =+Ita!D7 -> 0 | AE7: =+Pol!C7 -> 5500043961 | AF7: =+Pol!D7 -> 0 | AI7: =+Mex!C7 -> 0 | AM7: =+SIMS!C7 -> 5500042026 | AQ7: =+KSC!G7 -> 0 | AU7: =+SIMS!G7 -> 5500042026 | AY7: =+Bel!G7 -> 5500043323 | BD7: =+Ita!G7 -> 5500043322 | BI7: =+Ita!AX7 -> 5500043322 | BN7: =+Pol!G7 -> 5500043324 | BS7: =+Mex!G7 -> 0 | BX7: =+VIE!C7 -> 0 | BY7: =+VIE!D7 -> 0 | CB7: =+SIMS!AC7 -> 0 | CG7: =+Bel!L7 -> 0 | CK7: =+Ita!L7 -> 0 | CO7: =+Mex!L7 -> 0 | CS7: =+SIMS!Y7 -> 0 | CW7: =+VIE!M7 -> 0 | DA7: =+Ita!BC7 -> 0 | DD7: =+Bel!P7 -> 0 | DG7: =+Ita!P7 -> 5500043322 | DJ7: =+Pol!L7 -> 0 | DM7: =+Rus!C7 -> 0 | DP7: =+Bel!S7 -> 0 | DQ7: =+Bel!T7 -> 0 | DR7: =+Bel!U7 -> 0 | DS7: =+Bel!V7 -> 0 | DV7: =+Ita!S7 -> 0 | DW7: =+Ita!T7 -> 0 | DX7: =+Ita!U7 -> 0 | DY7: =+Ita!V7 -> 0 | EB7: =+Pol!O7 -> 0 | EC7: =+Pol!P7 -> 0 | ED7: =+Pol!Q7 -> 0 | EE7: =+Pol!R7 -> 0 | EH7: =+Rus!J7 -> 0 | EN7: =+Mex!AE7 -> 0 | ET7: =+VIE!G7 -> 0 | EU7: =+VIE!H7 -> 0 | EV7: =+VIE!I7 -> 0 | EW7: =+VIE!J7 -> 0 | EZ7: =+Bel!Y7 -> 0 | FA7: =+Bel!Z7 -> 0 | FD7: =+Ita!Y7 -> 5500043322 | FH7: =+Pol!U7 -> 0 | FI7: =+Pol!V7 -> 0 | FL7: =+Rus!F7 -> 0 | FM7: =+Rus!G7 -> 0 | FP7: =+SIMS!O7 -> 0 | FT7: =+Bel!AC7 -> 0 | FU7: =+Bel!AD7 -> 0 | FV7: =+Bel!AE7 -> 0 | FW7: =+Bel!AF7 -> 0 | FZ7: =+Ita!AC7 -> 0 | GA7: =+Ita!AD7 -> 0 | GB7: =+Ita!AE7 -> 0 | GC7: =+Ita!AF7 -> 0 | GF7: =+Pol!Y7 -> 0 | GG7: =+Pol!Z7 -> 0 | GH7: =+Pol!AA7 -> 0 | GI7: =+Pol!AB7 -> 0 | GL7: =+SIMS!S7 -> 0 | GR7: =+KSC!C7 -> 0 | GV7: =+Bel!AI7 -> 0 | GY7: =+Ita!AI7 -> 0 | HB7: =+Ita!BF7 -> 0 | HE7: =+Pol!AE7 -> 0 | HH7: =+Mex!P7 -> 0 | HK7: =+SIMS!K7 -> 0 | HO7: =+Bel!AL7 -> 0 | HS7: =+Ita!AL7 -> 5500043980 | HW7: =+Mex!S7 -> 0 | IA7: =+'Arg&Braz'!C7 -> 0 | IE7: =+'Arg&Braz'!Y7 -> 0 | II7: =+Bel!AP7 -> 0 | IM7: =+Ita!AP7 -> 5500043981 | IQ7: =+Mex!W7 -> 0 | IU7: =+'Arg&Braz'!G7 -> 0 | IY7: =+'Arg&Braz'!AC7 -> 0 | JC7: =+Bel!AT7 -> 0 | JG7: =+Ita!AT7 -> 5500043982 | JK7: =+Mex!AA7 -> 0 | JO7: =+'Arg&Braz'!K7 -> 0 | JS7: =+'Arg&Braz'!AG7 -> 0 | JW7: =+KSC!K7 -> 0 | KA7: =+Rus!P7 -> 0 | KF7: =+Bel!AX7 -> 0 | KI7: =+Ita!BI7 -> 0 | KL7: =+Pol!AH7 -> 0 | KO7: =+Mex!AK7 -> 0 | KR7: =+'Arg&Braz'!AK7 -> 0
V8: Code | W8: =+Bel!C8 -> 79054756 | X8: =+Bel!D8 -> 79054760 | AA8: =+Ita!C8 -> 79054756 | AB8: =+Ita!D8 -> 79054760 | AE8: =+Pol!C8 -> 79054756 | AF8: =+Pol!D8 -> 79054760 | AI8: =+Mex!C8 -> 79054757 | AJ8: =+Mex!D8 -> 79054871 | AM8: =+SIMS!C8 -> 79055630 | AN8: =+SIMS!D8 -> 79055846 | AQ8: =+KSC!G8 -> 79055627 | AR8: =+KSC!H8 -> 79055843 | AU8: =+SIMS!G8 -> 79055428 | AV8: =+SIMS!H8 -> 79055429 | AY8: =+Bel!G8 -> 79057042 | AZ8: =+Bel!H8 -> 79057038 | BA8: =+Bel!I8 -> 79057040 | BD8: =+Ita!G8 -> 79057042 | BE8: =+Ita!H8 -> 79057038 | BF8: =+Ita!I8 -> 79057040 | BI8: =+Ita!AX8 -> 79057043 | BJ8: =+Ita!AY8 -> 79057039 | BK8: =+Ita!AZ8 -> 79057041 | BN8: =+Pol!G8 -> 79057042 | BO8: =+Pol!H8 -> 79057038 | BP8: =+Pol!I8 -> 79057040 | BS8: =+Mex!G8 -> 79057113 | BT8: =+Mex!H8 -> 79057111 | BU8: =+Mex!I8 -> 79057112 | BX8: =+VIE!C8 -> 79059525 | BY8: =+VIE!D8 -> 79059552 | CB8: =+SIMS!AC8 -> 79056837 | CC8: =+SIMS!AD8 -> 79056835 | CD8: =+SIMS!AE8 -> 79056836 | CG8: =+Bel!L8 -> 79054598 | CH8: =+Bel!M8 -> 79054568 | CK8: =+Ita!L8 -> 79054598 | CL8: =+Ita!M8 -> 79054568 | CO8: =+Mex!L8 -> 79054602 | CP8: =+Mex!M8 -> 79054572 | CS8: =+SIMS!Y8 -> 79054600 | CT8: =+SIMS!Z8 -> 79054570 | CW8: =+VIE!M8 -> 79064463 | CX8: =+VIE!N8 -> 79064469 | DA8: =+Ita!BC8 -> 79058362 | DD8: =+Bel!P8 -> 79056987 | DG8: =+Ita!P8 -> 79056987 | DJ8: =+Pol!L8 -> 79056987 | DM8: =+Rus!C8 -> 79056987 | DP8: =+Bel!S8 -> 79057475 | DQ8: =+Bel!T8 -> 79057476 | DR8: =+Bel!U8 -> 79057473 | DS8: =+Bel!V8 -> 79057467 | DV8: =+Ita!S8 -> 79057475 | DW8: =+Ita!T8 -> 79057476 | DX8: =+Ita!U8 -> 79057473 | DY8: =+Ita!V8 -> 79057467 | EB8: =+Pol!O8 -> 79057475 | EC8: =+Pol!P8 -> 79057476 | ED8: =+Pol!Q8 -> 79057473 | EE8: =+Pol!R8 -> 79057467 | EH8: =+Rus!J8 -> 79057475 | EI8: =+Rus!K8 -> 79057476 | EJ8: =+Rus!L8 -> 79057473 | EK8: =+Rus!M8 -> 79057467 | EN8: =+Mex!AE8 -> 79057475 | EO8: =+Mex!AF8 -> 79057476 | EP8: =+Mex!AG8 -> 79057473 | EQ8: =+Mex!AH8 -> 79057467 | ET8: =+VIE!G8 -> 79055443 | EU8: =+VIE!H8 -> 79055444 | EV8: =+VIE!I8 -> 79057220 | EW8: =+VIE!J8 -> 79057217 | EZ8: =+Bel!Y8 -> 79057694 | FA8: =+Bel!Z8 -> 79057695 | FD8: =+Ita!Y8 -> 79057694 | FE8: =+Ita!Z8 -> 79057695 | FH8: =+Pol!U8 -> 79057694 | FI8: =+Pol!V8 -> 79057695 | FL8: =+Rus!F8 -> 79057694 | FM8: =+Rus!G8 -> 79057695 | FP8: =+SIMS!O8 -> 79055020 | FQ8: =+SIMS!P8 -> 79055072 | FT8: =+Bel!AC8 -> 79057714 | FU8: =+Bel!AD8 -> 79057702 | FV8: =+Bel!AE8 -> 79057689 | FW8: =+Bel!AF8 -> 79057690 | FZ8: =+Ita!AC8 -> 79057714 | GA8: =+Ita!AD8 -> 79057702 | GB8: =+Ita!AE8 -> 79057689 | GC8: =+Ita!AF8 -> 79057690 | GF8: =+Pol!Y8 -> 79057714 | GG8: =+Pol!Z8 -> 79057702 | GH8: =+Pol!AA8 -> 79057689 | GI8: =+Pol!AB8 -> 79057690 | GL8: =+SIMS!S8 -> 79055254 | GM8: =+SIMS!T8 -> 79055235 | GN8: =+SIMS!U8 -> 79055217 | GO8: =+SIMS!V8 -> 79055220 | GR8: =+KSC!C8 -> 79052809 | GS8: =+KSC!D8 -> 79052877 | GV8: =+Bel!AI8 -> 79058896 | GY8: =+Ita!AI8 -> 79058896 | HB8: =+Ita!BF8 -> 79058897 | HE8: =+Pol!AE8 -> 79058896 | HH8: =+Mex!P8 -> 79058898 | HK8: =+SIMS!K8 -> 79060058 | HL8: =+SIMS!L8 -> 79060054 | HO8: =+Bel!AL8 -> 79056715 | HP8: =+Bel!AM8 -> 79056716 | HS8: =+Ita!AL8 -> 79057266 | HT8: =+Ita!AM8 -> 79057268 | HW8: =+Mex!S8 -> 79057266 | HX8: =+Mex!T8 -> 79057268 | IA8: =+'Arg&Braz'!C8 -> 79057266 | IB8: =+'Arg&Braz'!D8 -> 79057268 | IE8: =+'Arg&Braz'!Y8 -> 79057265 | IF8: =+'Arg&Braz'!Z8 -> 79057267 | II8: =+Bel!AP8 -> 79056720 | IJ8: =+Bel!AQ8 -> 79056721 | IM8: =+Ita!AP8 -> 79057274 | IN8: =+Ita!AQ8 -> 79057276 | IQ8: =+Mex!W8 -> 79057274 | IR8: =+Mex!X8 -> 79057276 | IU8: =+'Arg&Braz'!G8 -> 79057274 | IV8: =+'Arg&Braz'!H8 -> 79057276 | IY8: =+'Arg&Braz'!AC8 -> 79057273 | IZ8: =+'Arg&Braz'!AD8 -> 79057275 | JC8: =+Bel!AT8 -> 79056729 | JD8: =+Bel!AU8 -> 79056730 | JG8: =+Ita!AT8 -> 79058658 | JH8: =+Ita!AU8 -> 79058660 | JK8: =+Mex!AA8 -> 79058658 | JL8: =+Mex!AB8 -> 79058660 | JO8: =+'Arg&Braz'!K8 -> 79058658 | JP8: =+'Arg&Braz'!L8 -> 79058660 | JS8: =+'Arg&Braz'!AG8 -> 79058657 | JT8: =+'Arg&Braz'!AH8 -> 79058659 | JW8: =+KSC!K8 -> 79055534 | JX8: =+KSC!L8 -> 79055927 | KA8: =+Rus!P8 -> 79060223 | KB8: =+Rus!Q8 -> 79060224 | KC8: =+Rus!R8 -> 79060227 | KF8: =+Bel!AX8 -> 79064972 | KI8: =+Ita!BI8 -> 79064972 | KL8: =+Pol!AH8 -> 79064972 | KO8: =+Mex!AK8 -> 79064973 | KR8: =+'Arg&Braz'!AK8 -> 79064974 | KU8: =Ita!BL8 -> 79064826 | KV8: =Ita!BM8 -> 79064828 | KW8: =Ita!BN8 -> 79064836 | KZ8: =+Mex!AN8 -> 79064826 | LA8: =+Mex!AO8 -> 79064828 | LB8: =+Mex!AP8 -> 79064836 | LE8: =+'Arg&Braz'!O8 -> 79064826 | LF8: =+'Arg&Braz'!P8 -> 79064828 | LG8: =+'Arg&Braz'!Q8 -> 79064836 | LJ8: =+'Arg&Braz'!AN8 -> 79064827 | LK8: =+'Arg&Braz'!AO8 -> 79064829 | LL8: =+'Arg&Braz'!AP8 -> 79064837 | LO8: =+Bel!BA8 -> 79065338 | LP8: =+Bel!BB8 -> 79064001 | LQ8: =+Bel!BC8 -> 79064011 | LT8: =+Ita!BQ8 -> 79065338 | LU8: =+Ita!BR8 -> 79064001 | LV8: =+Ita!BS8 -> 79064011 | LY8: =+Ita!BV8 -> 79065340 | LZ8: =+Ita!BW8 -> 79064003 | MA8: =+Ita!BX8 -> 79064013 | MD8: =+Pol!AK8 -> 79065338 | ME8: =+Pol!AL8 -> 79064001 | MF8: =+Pol!AM8 -> 79064011 | MI8: =+Rus!U8 -> 79065338 | MJ8: =+Rus!V8 -> 79064001 | MK8: =+Rus!W8 -> 79064011 | MN8: =+Mex!AS8 -> 79065339 | MO8: =+Mex!AT8 -> 79064002 | MP8: =+Mex!AU8 -> 79064012 | MS8: =+'Arg&Braz'!T8 -> 79065339 | MT8: =+'Arg&Braz'!U8 -> 79064002 | MU8: =+'Arg&Braz'!V8 -> 79064012 | MX8: =Bel!BF8 -> 79064816 | NA8: =Ita!CA8 -> 79064816
V9: capsule | W9: =+Bel!C9 -> Senft | X9: =+Bel!D9 -> Senft | AA9: =+Ita!C9 -> Senft | AB9: =+Ita!D9 -> Senft | AE9: =+Pol!C9 -> Senft | AF9: =+Pol!D9 -> Senft | AI9: =+Mex!C9 -> Senft | AJ9: =+Mex!D9 -> Senft | AM9: =+SIMS!C9 -> 14 | AN9: =+SIMS!D9 -> 17 | AQ9: =+KSC!G9 -> 14 | AR9: =+KSC!H9 -> 17 | AU9: =+SIMS!G9 -> 13.2 | AV9: =+SIMS!H9 -> 12 | AY9: =+Bel!G9 -> Senft | AZ9: =+Bel!H9 -> Senft | BA9: =+Bel!I9 -> Senft | BD9: =+Ita!G9 -> Senft | BE9: =+Ita!H9 -> Senft | BF9: =+Ita!I9 -> Senft | BI9: =+Ita!AX9 -> Senft | BJ9: =+Ita!AY9 -> Senft | BK9: =+Ita!AZ9 -> Senft | BN9: =+Pol!G9 -> Senft | BO9: =+Pol!H9 -> Senft | BP9: =+Pol!I9 -> Senft | BS9: =+Mex!G9 -> Senft | BT9: =+Mex!H9 -> Senft | BU9: =+Mex!I9 -> Senft | BX9: =+VIE!C9 -> 19.5 | BY9: =+VIE!D9 -> 24 | CB9: =+SIMS!AC9 -> 19.5 | CC9: =+SIMS!AD9 -> 24 | CD9: =+SIMS!AE9 -> 18 | CG9: =+Bel!L9 -> Senft | CH9: =+Bel!M9 -> Senft | CK9: =+Ita!L9 -> Senft | CL9: =+Ita!M9 -> Senft | CO9: =+Mex!L9 -> Senft | CP9: =+Mex!M9 -> Senft | CS9: =+SIMS!Y9 -> 17.25 | CT9: =+SIMS!Z9 -> 22 | CW9: =+VIE!M9 -> 17.25 | CX9: =+VIE!N9 -> 22 | DA9: =+Ita!BC9 -> Yellow | DD9: =+Bel!P9 -> Yellow | DG9: =+Ita!P9 -> Yellow | DJ9: =+Pol!L9 -> Yellow | DM9: =+Rus!C9 -> Yellow | DP9: =+Bel!S9 -> Yellow | DQ9: =+Bel!T9 -> Yellow | DR9: =+Bel!U9 -> Yellow | DS9: =+Bel!V9 -> Yellow | DV9: =+Ita!S9 -> Yellow | DW9: =+Ita!T9 -> Yellow | DX9: =+Ita!U9 -> Yellow | DY9: =+Ita!V9 -> Yellow | EB9: =+Pol!O9 -> Yellow | EC9: =+Pol!P9 -> Yellow | ED9: =+Pol!Q9 -> Yellow | EE9: =+Pol!R9 -> Yellow | EH9: =+Rus!J9 -> Yellow | EI9: =+Rus!K9 -> Yellow | EJ9: =+Rus!L9 -> Yellow | EK9: =+Rus!M9 -> Yellow | EN9: =+Mex!AE9 -> Yellow | EO9: =+Mex!AF9 -> Yellow | EP9: =+Mex!AG9 -> Yellow | EQ9: =+Mex!AH9 -> Yellow | ET9: =+VIE!G9 -> 20 | EU9: =+VIE!H9 -> 25 | EV9: =+VIE!I9 -> 20 | EW9: =+VIE!J9 -> 25 | EZ9: =+Bel!Y9 -> Yellow | FA9: =+Bel!Z9 -> Yellow | FD9: =+Ita!Y9 -> Yellow | FE9: =+Ita!Z9 -> Yellow | FH9: =+Pol!U9 -> Yellow | FI9: =+Pol!V9 -> Yellow | FL9: =+Rus!F9 -> Yellow | FM9: =+Rus!G9 -> Yellow | FP9: =+SIMS!O9 -> 27 | FQ9: =+SIMS!P9 -> 21.5 | FT9: =+Bel!AC9 -> Yellow | FU9: =+Bel!AD9 -> Yellow | FV9: =+Bel!AE9 -> Yellow | FW9: =+Bel!AF9 -> Yellow | FZ9: =+Ita!AC9 -> Yellow | GA9: =+Ita!AD9 -> Yellow | GB9: =+Ita!AE9 -> Yellow | GC9: =+Ita!AF9 -> Yellow | GF9: =+Pol!Y9 -> Yellow | GG9: =+Pol!Z9 -> Yellow | GH9: =+Pol!AA9 -> Yellow | GI9: =+Pol!AB9 -> Yellow | GL9: =+SIMS!S9 -> 20 | GM9: =+SIMS!T9 -> 18 | GN9: =+SIMS!U9 -> 20 | GO9: =+SIMS!V9 -> 18 | GR9: =+KSC!C9 -> 24 | GS9: =+KSC!D9 -> 26 | GV9: =+Bel!AI9 -> Senft | GY9: =+Ita!AI9 -> Senft | HB9: =+Ita!BF9 -> Senft | HE9: =+Pol!AE9 -> Senft | HH9: =+Mex!P9 -> Senft | HK9: =+SIMS!K9 -> 14.5 | HL9: =+SIMS!L9 -> 19 | HO9: =+Bel!AL9 -> Yellow | HP9: =+Bel!AM9 -> Yellow | HS9: =+Ita!AL9 -> Yellow | HT9: =+Ita!AM9 -> Yellow | HW9: =+Mex!S9 -> Yellow | HX9: =+Mex!T9 -> Yellow | IA9: =+'Arg&Braz'!C9 -> Yellow | IB9: =+'Arg&Braz'!D9 -> Yellow | IE9: =+'Arg&Braz'!Y9 -> Transparent | IF9: =+'Arg&Braz'!Z9 -> Transparent | II9: =+Bel!AP9 -> Yellow | IJ9: =+Bel!AQ9 -> Yellow | IM9: =+Ita!AP9 -> Yellow | IN9: =+Ita!AQ9 -> Yellow | IQ9: =+Mex!W9 -> Yellow | IR9: =+Mex!X9 -> Yellow | IU9: =+'Arg&Braz'!G9 -> Yellow | IV9: =+'Arg&Braz'!H9 -> Yellow | IY9: =+'Arg&Braz'!AC9 -> Transparent | IZ9: =+'Arg&Braz'!AD9 -> Transparent | JC9: =+Bel!AT9 -> Yellow | JD9: =+Bel!AU9 -> Yellow | JG9: =+Ita!AT9 -> Yellow | JH9: =+Ita!AU9 -> Yellow | JK9: =+Mex!AA9 -> Yellow | JL9: =+Mex!AB9 -> Yellow | JO9: =+'Arg&Braz'!K9 -> Yellow | JP9: =+'Arg&Braz'!L9 -> Yellow | JS9: =+'Arg&Braz'!AG9 -> Transparent | JT9: =+'Arg&Braz'!AH9 -> Transparent | JW9: =+KSC!K9 -> 13 | JX9: =+KSC!L9 -> 15 | KA9: =+Rus!P9 -> Senft | KB9: =+Rus!Q9 -> Senft | KC9: =+Rus!R9 -> Senft | KF9: =+Bel!AX9 -> Senft | KI9: =+Ita!BI9 -> Senft | KL9: =+Pol!AH9 -> Senft | KO9: =+Mex!AK9 -> Senft | KR9: =+'Arg&Braz'!AK9 -> Transparent | KU9: =Ita!BL9 -> Senft | KV9: =Ita!BM9 -> Senft | KW9: =Ita!BN9 -> Senft | KZ9: =+Bel!BA9 -> Senft | LA9: =+Bel!BB9 -> Senft | LB9: =+Bel!BC9 -> Senft | LE9: =+'Arg&Braz'!O9 -> Senft | LF9: =+'Arg&Braz'!P9 -> Senft | LG9: =+'Arg&Braz'!Q9 -> Senft | LJ9: =+'Arg&Braz'!AN9 -> Transparent | LK9: =+'Arg&Braz'!AO9 -> Transparent | LL9: =+'Arg&Braz'!AP9 -> Transparent | LO9: =+Bel!BA9 -> Senft | LP9: =+Bel!BB9 -> Senft | LQ9: =+Bel!BC9 -> Senft | LT9: =+Ita!BQ9 -> Senft | LU9: =+Ita!BR9 -> Senft | LV9: =+Ita!BS9 -> Senft | LY9: =+Ita!BV9 -> Senft | LZ9: =+Ita!BW9 -> Senft | MA9: =+Ita!BX9 -> Senft | MD9: =+Pol!AK9 -> Senft | ME9: =+Pol!AL9 -> Senft | MF9: =+Pol!AM9 -> Senft | MI9: =+Rus!U9 -> Senft | MJ9: =+Rus!V9 -> Senft | MK9: =+Rus!W9 -> Senft | MN9: =+Mex!AS9 -> Senft | MO9: =+Mex!AT9 -> Senft | MP9: =+Mex!AU9 -> Senft | MS9: =+'Arg&Braz'!T9 -> Senft | MT9: =+'Arg&Braz'!U9 -> Senft | MU9: =+'Arg&Braz'!V9 -> Senft | MX9: =Bel!BF9 -> Senft | NA9: =Ita!CA9 -> Senft
V10: Leaflet | W10: =+Bel!C10 -> Normal CE | X10: =+Bel!D10 -> 0 | AA10: =+Ita!C10 -> Normal CE | AB10: =+Ita!D10 -> 0 | AE10: =+Pol!C10 -> Normal CE | AF10: =+Pol!D10 -> 0 | AI10: Normal CE | AM10: X | AQ10: =+KSC!G10 -> X | AR10: =+KSC!H10 -> 0 | AU10: X | AY10: Normal CE | BD10: Normal CE | BI10: Normal CE | BN10: Normal CE | BS10: Normal CE | BX10: =+VIE!C10 -> Normal CE | BY10: =+VIE!D10 -> 0 | CB10: =+SIMS!AC10 -> Normal CE | CC10: =+SIMS!AD10 -> 0 | CD10: =+SIMS!AE10 -> 0 | CG10: Normal CE | CK10: Normal CE | CO10: Normal CE | CS10: =+SIMS!Y10 -> Normal CE | CT10: =+SIMS!Z10 -> 0 | CW10: =+VIE!M10 -> Normal CE | CX10: =+VIE!N10 -> 0 | DA10: Normal CE | DD10: Normal CE | DG10: Normal CE | DJ10: Normal CE | DM10: Normal CE | DP10: Normal CE | DV10: Normal CE | EB10: Normal CE | EH10: Normal CE | EN10: =+Mex!AE10 -> Normal CE | EO10: =+Mex!AF10 -> 0 | EP10: =+Mex!AG10 -> 0 | EQ10: =+Mex!AH10 -> 0 | ET10: =+VIE!G10 -> Normal CE | EU10: =+VIE!H10 -> 0 | EV10: =+VIE!I10 -> 0 | EW10: =+VIE!J10 -> 0 | EZ10: Normal CE | FD10: Normal CE | FH10: Normal CE | FL10: Normal CE | FP10: Normal CE | FT10: Normal CE | FZ10: Normal CE | GF10: Normal CE | GL10: =+SIMS!S10 -> Normal CE | GM10: =+SIMS!T10 -> 0 | GN10: =+SIMS!U10 -> 0 | GO10: =+SIMS!V10 -> 0 | GR10: X | GV10: Normal CE | GY10: Normal CE | HB10: Normal CE | HE10: =+Pol!AE10 -> Normal CE | HH10: =+Mex!P10 -> Normal CE | HO10: =+Bel!AL10 -> Normal CE | HP10: =+Bel!AM10 -> 0 | HS10: =+Ita!AL10 -> Normal CE | HT10: =+Ita!AM10 -> 0 | HW10: =+Mex!S10 -> Normal CE | HX10: =+Mex!T10 -> 0 | IA10: =+'Arg&Braz'!C10 -> Normal CE | IB10: =+'Arg&Braz'!D10 -> 0 | IE10: =+'Arg&Braz'!Y10 -> Normal CE | IF10: =+'Arg&Braz'!Z10 -> 0 | II10: =+Bel!AP10 -> Normal CE | IJ10: =+Bel!AQ10 -> 0 | IM10: =+Ita!AP10 -> Normal CE | IN10: =+Ita!AQ10 -> 0 | IQ10: =+Mex!W10 -> Normal CE | IR10: =+Mex!X10 -> 0 | IU10: =+'Arg&Braz'!G10 -> Normal CE | IV10: =+'Arg&Braz'!H10 -> 0 | IY10: =+'Arg&Braz'!AC10 -> Normal CE | IZ10: =+'Arg&Braz'!AD10 -> 0 | JC10: =+Bel!AT10 -> Normal CE | JD10: =+Bel!AU10 -> 0 | JG10: =+Ita!AT10 -> Normal CE | JH10: =+Ita!AU10 -> 0 | JK10: =+Mex!AA10 -> Normal CE | JL10: =+Mex!AB10 -> 0 | JO10: =+'Arg&Braz'!K10 -> Normal CE | JP10: =+'Arg&Braz'!L10 -> 0 | JS10: =+'Arg&Braz'!AG10 -> Normal CE | JT10: =+'Arg&Braz'!AH10 -> 0 | JW10: =+KSC!K10 -> X | JX10: =+KSC!L10 -> 0 | KA10: =+Rus!P10 -> Normal CE | KB10: =+Rus!Q10 -> 0 | KC10: =+Rus!R10 -> 0 | KF10: Normal CE | KI10: Normal CE | KL10: =+Pol!AH10 -> Normal CE | KO10: =+Mex!AK10 -> Normal CE | KR10: =+'Arg&Braz'!AK10 -> Normal CE | KU10: Normal CE
V11: confirm | W11: =+Bel!C11 -> 2761.2 | X11: =+Bel!D11 -> 2761.2 | Y11: =SUM(W11:X11) -> 5522.4 | AA11: =+Ita!C11 -> 4648.8 | AB11: =+Ita!D11 -> 4648.8 | AC11: =SUM(AA11:AB11) -> 9297.6 | AE11: =+Pol!C11 -> 2714.4 | AF11: =+Pol!D11 -> 2714.4 | AG11: =SUM(AE11:AF11) -> 5428.8 | AI11: =+Mex!C11 -> 124.8 | AJ11: =+Mex!D11 -> 140.4 | AK11: =SUM(AI11:AJ11) -> 265.2 | AM11: =+SIMS!C11 -> 1781 | AN11: =+SIMS!D11 -> 1781 | AO11: =SUM(AM11:AN11) -> 3562 | AQ11: =+KSC!G11 -> 792 | AR11: =+KSC!H11 -> 801 | AS11: =SUM(AQ11:AR11) -> 1593 | AU11: =+SIMS!G11 -> 221 | AV11: =+SIMS!H11 -> 221 | AW11: =SUM(AU11:AV11) -> 442 | AY11: =+Bel!G11 -> 2620.8 | AZ11: =+Bel!H11 -> 2620.8 | BA11: =+Bel!I11 -> 2620.8 | BB11: =SUM(AY11:BA11) -> 7862.4 | BD11: =+Ita!G11 -> 2386.8 | BE11: =+Ita!H11 -> 2371.2 | BF11: =+Ita!I11 -> 2386.8 | BG11: =SUM(BD11:BF11) -> 7144.8 | BI11: =+Ita!AX11 -> 124.8 | BJ11: =+Ita!AY11 -> 124.8 | BK11: =+Ita!AZ11 -> 124.8 | BL11: =SUM(BI11:BK11) -> 374.4 | BN11: =+Pol!G11 -> 2886 | BO11: =+Pol!H11 -> 2886 | BP11: =+Pol!I11 -> 2870.4 | BQ11: =SUM(BN11:BP11) -> 8642.4 | BS11: =+Mex!G11 -> 608.4 | BT11: =+Mex!H11 -> 608.4 | BU11: =+Mex!I11 -> 608.4 | BV11: =SUM(BS11:BU11) -> 1825.2 | BX11: =+VIE!C11 -> 796 | BY11: =+VIE!D11 -> 853 | BZ11: =SUM(BX11:BY11) -> 1649 | CB11: =+SIMS!AC11 -> 377 | CC11: =+SIMS!AD11 -> 377 | CD11: =+SIMS!AE11 -> 377 | CE11: =SUM(CB11:CD11) -> 1131 | CG11: =+Bel!L11 -> 561.6 | CH11: =+Bel!M11 -> 561.6 | CI11: =SUM(CG11:CH11) -> 1123.2 | CK11: =+Ita!L11 -> 1513.2 | CL11: =+Ita!M11 -> 1513.2 | CM11: =SUM(CK11:CL11) -> 3026.4 | CO11: =+Mex!L11 -> 187.2 | CP11: =+Mex!M11 -> 187.2 | CQ11: =SUM(CO11:CP11) -> 374.4 | CS11: =+SIMS!Y11 -> 3017 | CT11: =+SIMS!Z11 -> 3017 | CU11: =SUM(CS11:CT11) -> 6034 | CW11: =+VIE!M11 -> 364 | CX11: =+VIE!N11 -> 364 | CY11: =SUM(CW11:CX11) -> 728 | DA11: =+Ita!BC11 -> 624 | DB11: =SUM(DA11:DA11) -> 624 | DD11: =+Bel!P11 -> 858 | DE11: =SUM(DD11:DD11) -> 858 | DG11: =+Ita!P11 -> 2995.2 | DH11: =SUM(DG11:DG11) -> 2995.2 | DJ11: =+Pol!L11 -> 764.4 | DK11: =SUM(DJ11:DJ11) -> 764.4 | DM11: =+Rus!C11 -> 1107.6 | DN11: =SUM(DM11:DM11) -> 1107.6 | DP11: =+Bel!S11 -> 390 | DQ11: =+Bel!T11 -> 390 | DR11: =+Bel!U11 -> 374.4 | DS11: =+Bel!V11 -> 374.4 | DT11: =SUM(DP11:DS11) -> 1528.8 | DV11: =+Ita!S11 -> 15.6 | DW11: =+Ita!T11 -> 15.6 | DX11: =+Ita!U11 -> 15.6 | DY11: =+Ita!V11 -> 15.6 | DZ11: =SUM(DV11:DY11) -> 62.4 | EB11: =+Pol!O11 -> 265.2 | EC11: =+Pol!P11 -> 249.6 | ED11: =+Pol!Q11 -> 249.6 | EE11: =+Pol!R11 -> 249.6 | EF11: =SUM(EB11:EE11) -> 1014 | EH11: =+Rus!J11 -> 2558.4 | EI11: =+Rus!K11 -> 2558.4 | EJ11: =+Rus!L11 -> 0 | EK11: =+Rus!M11 -> 0 | EL11: =SUM(EH11:EK11) -> 5116.8 | EN11: =+Mex!AE11 -> 452.4 | EO11: =+Mex!AF11 -> 452.4 | EP11: =+Mex!AG11 -> 452.4 | EQ11: =+Mex!AH11 -> 452.4 | ER11: =SUM(EN11:EQ11) -> 1809.6 | ET11: =+VIE!G11 -> 1510 | EU11: =+VIE!H11 -> 1939 | EV11: =+VIE!I11 -> 1592 | EW11: =+VIE!J11 -> 1510 | EX11: =SUM(ET11:EW11) -> 6551 | EZ11: =+Bel!Y11 -> 780 | FA11: =+Bel!Z11 -> 764.4 | FB11: =SUM(EZ11:FA11) -> 1544.4 | FD11: =+Ita!Y11 -> 31.2 | FE11: =+Ita!Z11 -> 31.2 | FF11: =SUM(FD11:FE11) -> 62.4 | FH11: =+Pol!U11 -> 764.4 | FI11: =+Pol!V11 -> 764.4 | FJ11: =SUM(FH11:FI11) -> 1528.8 | FL11: =+Rus!F11 -> 904.8 | FM11: =+Rus!G11 -> 904.8 | FN11: =SUM(FL11:FM11) -> 1809.6 | FP11: =+SIMS!O11 -> 2723 | FQ11: =+SIMS!P11 -> 2723 | FR11: =SUM(FP11:FQ11) -> 5446 | FT11: =+Bel!AC11 -> 608.4 | FU11: =+Bel!AD11 -> 608.4 | FV11: =+Bel!AE11 -> 592.8 | FW11: =+Bel!AF11 -> 592.8 | FX11: =SUM(FT11:FW11) -> 2402.4 | FZ11: =+Ita!AC11 -> 1216.8 | GA11: =+Ita!AD11 -> 1216.8 | GB11: =+Ita!AE11 -> 1216.8 | GC11: =+Ita!AF11 -> 1216.8 | GD11: =SUM(FZ11:GC11) -> 4867.2 | GF11: =+Pol!Y11 -> 1497.6 | GG11: =+Pol!Z11 -> 1497.6 | GH11: =+Pol!AA11 -> 1497.6 | GI11: =+Pol!AB11 -> 1497.6 | GJ11: =SUM(GF11:GI11) -> 5990.4 | GL11: =+SIMS!S11 -> 2768 | GM11: =+SIMS!T11 -> 2768 | GN11: =+SIMS!U11 -> 2768 | GO11: =+SIMS!V11 -> 2768 | GP11: =SUM(GL11:GO11) -> 11072 | GR11: =+KSC!C11 -> 11367 | GS11: =+KSC!D11 -> 11367 | GT11: =SUM(GR11:GS11) -> 22734 | GV11: =+Bel!AI11 -> 1528.8 | GW11: =SUM(GV11:GV11) -> 1528.8 | GY11: =+Ita!AI11 -> 2932.8 | GZ11: =SUM(GY11:GY11) -> 2932.8 | HB11: =+Ita!BF11 -> 312 | HC11: =SUM(HB11:HB11) -> 312 | HE11: =+Pol!AE11 -> 3073.2 | HF11: =SUM(HE11:HE11) -> 3073.2 | HH11: =+Mex!P11 -> 171.6 | HI11: =SUM(HH11:HH11) -> 171.6 | HK11: =+SIMS!K11 -> 976 | HL11: =+SIMS!L11 -> 1953 | HM11: =SUM(HK11:HL11) -> 2929 | HO11: =+Bel!AL11 -> 62.4 | HP11: =+Bel!AM11 -> 62.4 | HQ11: =SUM(HO11:HP11) -> 124.8 | HS11: =+Ita!AL11 -> 171.6 | HT11: =+Ita!AM11 -> 171.6 | HU11: =SUM(HS11:HT11) -> 343.2 | HW11: =+Mex!S11 -> 1762.8 | HX11: =+Mex!T11 -> 1060.8 | HY11: =SUM(HW11:HX11) -> 2823.6 | IA11: =+'Arg&Braz'!C11 -> 452.4 | IB11: =+'Arg&Braz'!D11 -> 452.4 | IC11: =SUM(IA11:IB11) -> 904.8 | IE11: =+'Arg&Braz'!Y11 -> 483.6 | IF11: =+'Arg&Braz'!Z11 -> 483.6 | IG11: =SUM(IE11:IF11) -> 967.2 | II11: =+Bel!AP11 -> 62.4 | IJ11: =+Bel!AQ11 -> 62.4 | IK11: =SUM(II11:IJ11) -> 124.8 | IM11: =+Ita!AP11 -> 124.8 | IN11: =+Ita!AQ11 -> 124.8 | IO11: =SUM(IM11:IN11) -> 249.6 | IQ11: =+Mex!W11 -> 1092 | IR11: =+Mex!X11 -> 1092 | IS11: =SUM(IQ11:IR11) -> 2184 | IU11: =+'Arg&Braz'!G11 -> 452.4 | IV11: =+'Arg&Braz'!H11 -> 452.4 | IW11: =SUM(IU11:IV11) -> 904.8 | IY11: =+'Arg&Braz'!AC11 -> 483.6 | IZ11: =+'Arg&Braz'!AD11 -> 483.6 | JA11: =SUM(IY11:IZ11) -> 967.2 | JC11: =+Bel!AT11 -> 62.4 | JD11: =+Bel!AU11 -> 62.4 | JE11: =SUM(JC11:JD11) -> 124.8 | JG11: =+Ita!AT11 -> 124.8 | JH11: =+Ita!AU11 -> 124.8 | JI11: =SUM(JG11:JH11) -> 249.6 | JK11: =+Mex!AA11 -> 1560 | JL11: =+Mex!AB11 -> 858 | JM11: =SUM(JK11:JL11) -> 2418 | JO11: =+'Arg&Braz'!K11 -> 452.4 | JP11: =+'Arg&Braz'!L11 -> 452.4 | JQ11: =SUM(JO11:JP11) -> 904.8 | JS11: =+'Arg&Braz'!AG11 -> 468 | JT11: =+'Arg&Braz'!AH11 -> 468 | JU11: =SUM(JS11:JT11) -> 936 | JW11: =+KSC!K11 -> 12095 | JX11: =+KSC!L11 -> 12095 | JY11: =SUM(JW11:JX11) -> 24190 | KA11: =+Rus!P11 -> 2808 | KB11: =+Rus!Q11 -> 2808 | KC11: =+Rus!R11 -> 2808 | KD11: =SUM(KA11:KC11) -> 8424 | KF11: =+Bel!AX11 -> 1279.2 | KG11: =SUM(KF11:KF11) -> 1279.2 | KI11: =+Ita!BI11 -> 1950 | KJ11: =SUM(KI11:KI11) -> 1950 | KL11: =+Pol!AH11 -> 1762.8 | KM11: =SUM(KL11:KL11) -> 1762.8 | KO11: =+Mex!AK11 -> 234 | KP11: =SUM(KO11:KO11) -> 234 | KR11: =+'Arg&Braz'!AK11 -> 140.4 | KS11: =SUM(KR11:KR11) -> 140.4 | KU11: =+Ita!BL11 -> 202.8 | KV11: =+Ita!BM11 -> 202.8 | KW11: =+Ita!BN11 -> 202.8 | KX11: =SUM(KU11:KW11) -> 608.4 | KZ11: =+Mex!AN11 -> 982.8 | LA11: =+Mex!AO11 -> 982.8 | LB11: =+Mex!AP11 -> 982.8 | LC11: =SUM(KZ11:LB11) -> 2948.4 | LE11: =+'Arg&Braz'!O11 -> 468 | LF11: =+'Arg&Braz'!P11 -> 468 | LG11: =+'Arg&Braz'!Q11 -> 468 | LH11: =SUM(LE11:LG11) -> 1404 | LJ11: =+'Arg&Braz'!AN11 -> 811.2 | LK11: =+'Arg&Braz'!AO11 -> 811.2 | LL11: =+'Arg&Braz'!AP11 -> 811.2 | LM11: =SUM(LJ11:LL11) -> 2433.6 | LO11: =+Bel!BA11 -> 624 | LP11: =+Bel!BB11 -> 624 | LQ11: =+Bel!BC11 -> 624 | LR11: =SUM(LO11:LQ11) -> 1872 | LT11: =+Ita!BQ11 -> 702 | LU11: =+Ita!BR11 -> 702 | LV11: =+Ita!BS11 -> 702 | LW11: =SUM(LT11:LV11) -> 2106 | LY11: =+Ita!BV11 -> 31.2 | LZ11: =+Ita!BW11 -> 31.2 | MA11: =+Ita!BX11 -> 31.2 | MB11: =SUM(LY11:MA11) -> 93.6 | MD11: =+Pol!AK11 -> 920.4 | ME11: =+Pol!AL11 -> 920.4 | MF11: =+Pol!AM11 -> 920.4 | MG11: =SUM(MD11:MF11) -> 2761.2 | MI11: =+Rus!U11 -> 608.4 | MJ11: =+Rus!V11 -> 608.4 | MK11: =+Rus!W11 -> 608.4 | ML11: =SUM(MI11:MK11) -> 1825.2 | MN11: =+Mex!AS11 -> 234 | MO11: =+Mex!AT11 -> 234 | MP11: =+Mex!AU11 -> 234 | MQ11: =SUM(MN11:MP11) -> 702 | MS11: =+'Arg&Braz'!T11 -> 15.6 | MT11: =+'Arg&Braz'!U11 -> 15.6 | MU11: =+'Arg&Braz'!V11 -> 15.6 | MV11: =SUM(MS11:MU11) -> 46.8 | MX11: =Bel!BF11 -> 280.8 | MY11: =SUM(MX11:MX11) -> 280.8 | NA11: =Ita!CA11 -> 624 | NB11: =SUM(NA11:NA11) -> 624
